customer_id,full_name,age,annual_income,tenure_months,contract_type,monthly_charges,total_charges,satisfaction_score,join_date,city,churn,contract_type_encoded,churn_encoded,gender_Male,gender_Other,gender_Unspecified,internet_service_Fiber Optic,internet_service_No,tech_support_No internet service,tech_support_Yes,payment_method_Credit Card,payment_method_Electronic Check,payment_method_Mailed Check,payment_method_Unknown,annual_income_normalized,monthly_charges_normalized,total_charges_normalized
CUST-2237,Nancy Gonzalez,45,160059.5,15,Two Year,22.41,338.48,4,2022-01-25 00:00:00,Phoenix,Yes,2,1,0,0,0,1,0,1,0,0,1,0,0,1.0,0.02572733028959909,0.027885702233953858
CUST-2442,Sarah Hernandez,29,128958.0,59,Month-to-Month,114.48,6751.46,4,2021-09-23 00:00:00,Hyderabad,Yes,0,1,0,0,0,0,0,0,0,1,0,0,0,0.7596641642550528,0.6393841436998035,0.556219579308822
CUST-1352,Mark Jones,32,70554.0,37,Two Year,26.83,453.49,2,2024-06-19 00:00:00,New York,No,2,0,1,0,0,1,0,0,0,0,0,0,0,0.3083491424442753,0.05518712300463224,0.03736081040556528
CUST-1579,Barbara Patel,59,128777.0,62,Month-to-Month,81.77,5075.97,3,2020-01-03 00:00:00,Sydney,No,0,0,0,1,0,1,0,0,0,0,0,1,0,0.7582654926067454,0.42136834738561,0.4181841998596158
CUST-1355,Richard Hernandez,41,96286.0,23,Two Year,105.93,2431.29,4,2023-02-26 00:00:00,Toronto,No,2,0,1,0,0,1,0,0,0,0,0,0,0,0.5071923405340453,0.5823974405971941,0.2003020237071309
CUST-1351,Margaret Rodriguez,57,147647.0,53,Two Year,78.56,4160.04,5,2023-10-14 00:00:00,Bengaluru,No,2,0,1,0,0,0,1,0,1,0,0,0,0,0.904082807543554,0.3999733395541041,0.3427252325730838
CUST-1241,David Hernandez,41,160059.5,9,Month-to-Month,100.49,897.59,1,2021-08-03 00:00:00,Houston,No,0,0,1,0,0,1,0,0,0,0,1,0,0,1.0,0.5461392341786916,0.0739480249000669
CUST-1262,Charles Gupta,27,81602.0,27,One Year,104.32,2809.32,5,2022-05-13 00:00:00,Delhi,Yes,1,1,0,0,0,0,0,0,1,0,1,0,0,0.39372220526472373,0.571666611124071,0.23144605589662978
CUST-1135,Jennifer Miller,45,81475.0,11,Two Year,59.08,638.13,3,2023-08-28 00:00:00,Delhi,No,2,0,1,0,0,1,0,0,0,0,1,0,0,0.3927408168706074,0.2701369680407905,0.05257239177071902
CUST-2002,Jennifer Iyer,34,47794.0,33,Two Year,66.03,2178.9900000000002,5,2024-08-21 00:00:00,Toronto,Yes,2,1,0,0,1,0,0,1,0,0,0,1,0,0.13247197827036092,0.31645949278501684,0.17951626775810423
CUST-1969,Jessica Johnson,60,71895.0,59,Month-to-Month,47.99,2833.11,3,2022-07-23 00:00:00,Mumbai,No,0,0,1,0,0,0,0,0,0,0,0,0,1,0.3187116765900231,0.19622088179424801,0.2334059969748198
CUST-1066,Anthony Jones,45,66022.0,37,One Year,19.16,9.49,4,2021-04-02 00:00:00,Chennai,Yes,1,1,0,0,0,0,0,0,0,1,0,0,0,0.2733282589628966,0.004065717999133532,0.0007818344191687015
CUST-2297,Barbara Lopez,41,59468.0,28,One Year,85.3,2393.49,3,2020-01-19 00:00:00,Toronto,Yes,1,1,1,0,0,1,0,1,0,0,1,0,0,0.222682435852359,0.4448961908887926,0.19718786764342416
CUST-1031,John Martinez,35,83509.0,70,Month-to-Month,168.585,12138.12,1,2022-09-21 00:00:00,Houston,No,0,0,1,0,0,0,0,0,1,1,0,0,0,0.40845848611180874,1.0,1.0
CUST-1465,Patricia Martinez,45,124796.0,16,Month-to-Month,168.585,12138.12,2,2023-05-04 00:00:00,Houston,No,0,0,1,0,0,0,0,1,0,0,0,0,0,0.7275024438116507,1.0,1.0
CUST-2382,Patricia Jones,18,117282.0,68,Two Year,23.19,1574.93,4,2020-12-02 00:00:00,Delhi,No,2,0,1,0,0,0,1,0,0,0,0,0,0,0.6694382517377143,0.03092611723931083,0.12975073569877377
CUST-1234,James Iyer,39,88833.0,49,Month-to-Month,25.89,1268.6100000000001,3,2020-01-07 00:00:00,Berlin,No,0,0,0,0,0,1,0,0,1,1,0,0,0,0.4495995239879915,0.04892191821908221,0.10451453767140216
CUST-1176,Susan Jones,44,160059.5,64,One Year,18.96,1205.79,4,2021-05-02 00:00:00,London,No,1,0,1,0,0,1,0,0,0,0,0,0,0,1.0,0.002732695704335656,0.09933910687981334
CUST-1169,Daniel Johnson,39,130374.0,69,Two Year,62.08,4289.47,4,2024-11-28 00:00:00,Sydney,No,2,0,1,0,0,1,0,0,1,0,0,1,0,0.7706062584760661,0.29013230246275873,0.35338833361344263
CUST-1980,Anthony Lopez,44,71166.0,24,Two Year,59.68,1426.04,2,2022-12-31 12:00:00,Unknown,No,2,0,1,0,0,0,0,0,0,0,0,1,0,0.3130783526584421,0.2741360349251841,0.11748442098117336
CUST-2010,Richard Garcia,44,98461.0,3,Month-to-Month,39.04,109.21,1,2020-01-21 00:00:00,Houston,No,0,0,0,0,0,1,0,1,0,0,0,0,0,0.5239995827167458,0.13656813410204285,0.00899727470151885
CUST-1530,Patricia Williams,30,92388.0,12,Two Year,41.3,501.48,4,2023-12-31 18:00:00,Phoenix,No,2,0,0,0,1,0,0,0,0,0,1,0,0,0.47707067155557786,0.1516312860332589,0.04131447044517602
CUST-1276,Betty Brown,41,84606.0,37,Two Year,112.59,121.74,4,2024-08-27 00:00:00,Chicago,Yes,2,1,0,0,0,0,0,1,0,0,1,0,0,0.416935518146026,0.6267870830139635,0.010029559767080897
CUST-2025,William Sharma,34,112270.0,37,One Year,168.585,6004.09,2,2024-12-20 00:00:00,London,No,1,0,0,1,0,0,1,0,0,0,1,0,0,0.6307081837746361,1.0,0.4946474412841527
CUST-1825,Daniel Iyer,33,43167.0,18,One Year,70.97,908.8,3,2021-02-04 00:00:00,Sydney,Yes,1,1,0,0,0,0,1,0,1,0,0,1,0,0.0967169853603125,0.3493851434665245,0.07487156165864235
CUST-1345,Margaret Rodriguez,61,62336.0,68,Two Year,97.55,6633.4,4,2020-11-05 00:00:00,Phoenix,Yes,2,1,0,0,1,1,0,1,0,0,0,0,0,0.24484481313051307,0.5265438064451629,0.5464931966400068
CUST-1238,Jennifer Rodriguez,41,78056.0,39,One Year,118.59,4629.81,4,2023-10-25 00:00:00,Hyderabad,No,1,0,1,0,0,0,1,0,1,0,1,0,0,0.36632060490616924,0.6667777518578999,0.3814272720981503
CUST-2068,Anthony Miller,44,142606.0,5,Month-to-Month,109.5,543.63,3,2024-05-10 00:00:00,London,Yes,0,1,0,0,0,1,0,0,1,0,0,1,0,0.8651286430180398,0.6061918885593361,0.04478700161145218
CUST-1060,Vikram Jones,48,92456.0,58,Two Year,24.29,1414.96,3,2020-03-01 15:00:00,Los Angeles,Yes,2,1,1,0,0,1,0,0,0,0,1,0,0,0.47759613935715195,0.038257739860699164,0.11657159428313445
CUST-1325,Betty Singh,37,97519.0,37,One Year,92.75,1488.0,3,2024-10-12 00:00:00,Mumbai,No,1,0,1,0,0,0,0,0,0,1,0,0,0,0.5167203081714107,0.4945512713700137,0.12258900060305879
CUST-1272,Mark Brown,50,59145.0,6,Two Year,94.63,568.99,5,2024-06-01 00:00:00,Chicago,Yes,2,1,1,0,0,1,0,1,0,0,0,1,0,0.2201864637948821,0.5070816809411137,0.04687628726689141
CUST-1372,Karen Hernandez,38,89871.0,55,Month-to-Month,98.68,5433.28,3,2020-10-16 00:00:00,London,No,0,0,0,0,0,0,1,0,0,0,0,1,0,0.4576206354296665,0.5340753824107709,0.44762121316974945
CUST-1163,Linda Lopez,45,160059.5,59,Two Year,71.91,4240.96,5,2023-07-19 00:00:00,Houston,No,2,0,1,0,0,0,0,0,1,0,0,1,0,1.0,0.35565034825207453,0.3493918333316856
CUST-1555,Sneha Gupta,35,68482.0,34,One Year,62.87,2130.48,5,2020-11-04 00:00:00,Chicago,No,1,0,0,0,0,0,1,0,1,0,0,0,0,0.29233782943160613,0.2953977405272103,0.17551976747634723
CUST-1507,Mark Verma,72,54592.0,37,Two Year,56.62,2094.94,5,2023-11-27 00:00:00,Chennai,No,2,0,0,0,0,0,0,0,0,0,0,0,0,0.18500330349242902,0.2537407938147765,0.1725918016958145
CUST-2484,Sarah Patel,24,59734.0,36,Month-to-Month,168.585,12138.12,4,2024-05-05 00:00:00,Mumbai,Yes,0,1,1,0,0,0,0,1,0,1,0,0,0,0.2247379422526341,1.0,1.0
CUST-1469,Mary Gonzalez,37,87396.0,33,Two Year,73.67,2423.29,5,2022-05-24 00:00:00,Phoenix,No,2,0,1,0,0,0,0,0,0,0,0,0,1,0.43849515294590385,0.3673809444462959,0.19964294305872737
CUST-1185,Mark Hernandez,18,83667.0,37,One Year,79.47,1345.43,1,2024-07-07 00:00:00,Hyderabad,No,1,0,0,1,0,1,0,0,1,0,0,1,0,0.40967942600370144,0.40603859099543443,0.11084335959769717
CUST-1644,Barbara Johnson,45,78871.0,22,Month-to-Month,68.72,1506.95,3,2021-07-27 00:00:00,Chennai,No,0,0,1,0,0,0,1,0,1,0,0,1,0,0.37261849105738803,0.33438864265004836,0.12415019788896468
CUST-1332,Jessica Smith,41,118016.0,4,Month-to-Month,100.0,398.02,4,2020-01-24 00:00:00,Chicago,No,0,0,0,1,0,0,1,0,1,0,0,0,1,0.6751102130076463,0.5428733295564369,0.03279090995969722
CUST-2101,Mark Singh,56,53140.0,40,One Year,105.43,4217.200000000001,4,2021-08-31 12:00:00,Sydney,No,1,0,1,0,0,0,0,0,0,0,1,0,0,0.17378302043528826,0.5790648848601994,0.3474343638059271
CUST-1275,Arjun Patel,41,90237.0,30,One Year,168.585,12138.12,3,2021-03-27 00:00:00,Los Angeles,No,1,0,1,0,0,0,0,0,1,0,0,1,0,0.4604488885969623,1.0,1.0
CUST-2170,Patricia Verma,58,81137.0,20,Month-to-Month,84.32,1686.99,2,2021-05-07 00:00:00,Bengaluru,No,0,0,0,0,0,0,0,0,1,0,1,0,0,0.3901289327980774,0.438364381644283,0.1389828078812864
CUST-1637,Christopher Jones,33,57155.0,2,Month-to-Month,168.585,1001.32,3,2023-10-05 00:00:00,Singapore,No,0,0,0,0,0,0,1,1,0,0,1,0,0,0.2048088031311699,1.0,0.08249382935742933
CUST-1848,Sneha Martinez,28,125629.0,51,Month-to-Month,26.2,1330.73,4,2023-11-19 00:00:00,Sydney,No,0,0,1,0,0,0,1,1,0,0,1,0,0,0.7339394243809333,0.05098810277601892,0.10963229890625566
CUST-1965,Linda Anderson,43,133922.0,11,Two Year,45.26,493.2,1,2024-01-31 04:30:00,Mumbai,No,2,0,1,0,0,0,0,0,0,0,1,0,0,0.798023313769961,0.17802512747025692,0.04063232197407835
CUST-1125,Ananya Verma,52,118562.0,65,Two Year,72.56,4716.400000000001,5,2023-04-26 00:00:00,Mumbai,No,2,0,0,0,0,0,1,0,0,0,0,1,0,0.6793294103555795,0.35998267071016765,0.38856099626630813
CUST-1439,Priya Brown,48,74753.0,37,One Year,68.27,673.34,5,2022-05-21 00:00:00,Sydney,No,1,0,0,0,0,0,0,0,0,0,1,0,0,0.34079677919147505,0.3313893424867531,0.05547317047450511
CUST-2262,Michael Nair,34,42307.0,5,Month-to-Month,44.8,216.68,3,2022-10-10 00:00:00,Hyderabad,No,0,0,1,0,0,0,1,0,0,1,0,0,0,0.09007136316393437,0.1749591761922218,0.01785119936200993
CUST-2220,Thomas Jones,26,82439.0,37,Two Year,116.69,1633.86,1,2023-12-19 00:00:00,Chicago,No,2,0,0,0,0,0,1,0,0,0,0,1,0,0.4001900957046871,0.65411404005732,0.13460568852507634
CUST-2496,Daniel Verma,30,56503.0,12,Two Year,70.97,591.08,1,2020-09-28 00:00:00,Sydney,Yes,2,1,0,0,0,0,0,0,0,1,0,0,0,0.19977049421019485,0.3493851434665245,0.0486961737072957
CUST-2256,Aditya Johnson,33,65576.0,26,Two Year,75.41,1964.12,5,2021-01-17 00:00:00,Hyderabad,No,2,0,0,0,0,1,0,1,0,1,0,0,0,0.26988180838198417,0.37897823841103745,0.16181418539279557
CUST-1340,Betty Johnson,49,87853.0,59,Two Year,99.44,5866.96,2,2021-02-14 00:00:00,Delhi,Yes,2,1,1,0,0,0,1,1,0,0,0,0,0,0.4420266056711885,0.5391408671310027,0.4833499751197055
CUST-1585,Arjun Lopez,41,129809.0,25,Two Year,75.59,1889.35,1,2020-02-21 00:00:00,Berlin,Yes,2,1,0,1,0,0,1,0,1,0,0,0,0,0.766240239242399,0.38017795847635555,0.15565425288265397
CUST-2348,Thomas Anderson,18,87396.0,51,Month-to-Month,93.45,4762.41,2,2021-04-06 00:00:00,Unknown,Yes,0,1,1,0,0,0,1,0,0,0,0,1,0,0.43849515294590385,0.4992168494018063,0.39235153384543897
CUST-1024,Jennifer Hernandez,53,63097.0,60,Month-to-Month,81.2,4866.07,5,2021-12-06 00:00:00,Unknown,No,0,0,0,0,0,0,1,1,0,0,0,1,0,0.25072541602754067,0.4175692338454361,0.40089157134712783
CUST-1977,James Jones,38,90293.0,50,Two Year,72.41,3622.03,2,2020-04-15 00:00:00,Hyderabad,No,2,0,0,0,0,1,0,0,1,0,1,0,0,0.4608816267864939,0.35898290398906924,0.2984012351171351
CUST-1204,Jennifer Anderson,42,143102.0,22,Two Year,96.03,2119.21,4,2023-03-14 00:00:00,Singapore,No,2,0,1,0,0,1,0,0,1,0,0,0,1,0.8689614669824625,0.516412837004699,0.17459128761290874
CUST-1050,Barbara Jones,40,126349.0,29,Two Year,82.16,2375.14,2,2021-11-20 00:00:00,Singapore,No,2,0,1,0,0,0,0,0,0,1,0,0,0,0.7395032011034823,0.4239677408604659,0.19567610140614855
CUST-1909,Michael Kumar,41,87396.0,9,Month-to-Month,40.17,352.14,5,2021-10-21 00:00:00,Chennai,No,0,0,0,0,1,1,0,0,1,0,0,1,0,0.43849515294590385,0.1440997100676509,0.0290110824411029
CUST-1971,Mary Sharma,52,108264.0,54,Month-to-Month,31.79,1713.48,3,2020-03-25 00:00:00,Chennai,Yes,0,1,1,0,0,0,1,0,1,1,0,0,0,0.5997519482877863,0.08824607591561968,0.14116518867831263
CUST-1745,Karen Patel,38,107812.0,24,One Year,70.97,1194.41,1,2024-02-05 00:00:00,Bengaluru,No,1,0,0,0,0,1,0,0,0,0,0,0,0,0.5962591329008528,0.3493851434665245,0.0984015646574593
CUST-1298,Neha Brown,41,160059.5,56,Month-to-Month,72.39,4053.84,3,2020-05-11 00:00:00,Bengaluru,Yes,0,1,0,0,1,0,0,0,1,0,1,0,0,1.0,0.35884960175958946,0.3339759369655268
CUST-2498,Margaret Johnson,66,56986.0,37,Two Year,23.89,167.66,4,2023-03-04 00:00:00,Houston,No,2,0,0,0,0,1,0,0,1,0,1,0,0,0.2035028610949049,0.03559169527110341,0.013812682688917229
CUST-1434,David Smith,32,87396.0,67,Two Year,80.83,5406.63,1,2024-12-24 00:00:00,Chicago,No,2,0,0,0,0,1,0,0,0,0,0,1,0,0.43849515294590385,0.41510314260006,0.4454256507597552
CUST-1716,Matthew Gonzalez,51,110321.0,11,Month-to-Month,70.97,550.18,1,2020-01-21 00:00:00,Hyderabad,No,0,0,1,0,0,1,0,0,1,0,1,0,0,0.6156473492854024,0.3493851434665245,0.04532662389233258
CUST-1487,Daniel Garcia,38,103528.0,17,Two Year,70.05,1196.19,3,2024-09-14 00:00:00,Delhi,Yes,2,1,0,1,0,0,1,0,0,0,1,0,0,0.5631546614016854,0.3432532409104542,0.0985482101017291
CUST-1124,Rohit Johnson,34,69080.0,3,Two Year,118.03,347.5,5,2022-03-24 00:00:00,Chennai,No,2,0,1,0,0,0,0,1,0,1,0,0,0,0.29695885509839,0.6630452894324658,0.02862881566502885
CUST-1629,Barbara Sharma,43,104374.0,23,Two Year,102.3,2355.92,3,2022-03-20 00:00:00,Phoenix,No,2,0,0,0,0,0,0,0,1,0,0,1,0,0.5696920990506806,0.5582030859466125,0.19409266014835905
CUST-1842,Elizabeth Singh,33,160059.5,38,Month-to-Month,20.28,775.18,5,2023-09-25 00:00:00,Chennai,No,0,0,0,0,0,0,1,0,0,0,0,1,0,1.0,0.011530642850001669,0.06386326712868219
CUST-2275,Elizabeth Martinez,55,149275.0,31,One Year,70.38,2181.39,3,2020-01-26 00:00:00,Chicago,Yes,1,1,1,0,0,0,0,0,1,0,0,0,0,0.9166631249106512,0.34545272769687074,0.17971399195262527
CUST-1199,Elizabeth Kumar,30,104473.0,35,Two Year,42.41,1474.9,1,2021-03-09 00:00:00,Sydney,No,2,0,1,0,0,1,0,0,0,0,1,0,0,0.5704571183500311,0.15902955976938712,0.12150975604129799
CUST-1200,Priya Smith,37,37515.0,12,Month-to-Month,112.03,1350.94,1,2022-06-27 00:00:00,Toronto,Yes,0,1,1,0,0,0,1,0,0,0,1,0,0,0.053041338088301776,0.6230546205885293,0.1112973013942851
CUST-2122,Richard Anderson,41,90010.0,64,Month-to-Month,102.17,6543.08,3,2022-01-26 00:00:00,Chicago,Yes,0,1,1,0,0,1,0,0,0,1,0,0,0,0.45869475343582533,0.5573366214549939,0.5390521761195308
CUST-1584,Thomas Lopez,37,106725.0,6,Month-to-Month,80.54,478.48,3,2024-07-01 09:00:00,London,No,0,0,0,0,1,0,1,0,1,0,0,0,0,0.5878593755433376,0.4131702602726031,0.03941961358101584
CUST-2050,Charles Gonzalez,44,99340.0,36,Two Year,56.45,2041.64,4,2021-04-06 00:00:00,Mumbai,No,2,0,0,0,0,0,1,1,0,0,1,0,0,0.5307920267988578,0.2526077248641984,0.1682006768758259
CUST-1731,Anthony Singh,63,133715.0,35,Two Year,105.58,3703.32,1,2022-06-16 00:00:00,Berlin,Yes,2,1,1,0,0,0,0,1,0,0,1,0,0,0.7964237279622282,0.5800646515812977,0.3050983183557256
CUST-1100,Daniel Lopez,34,46738.0,28,Two Year,69.96,1968.22,2,2022-10-26 00:00:00,Toronto,No,2,0,0,0,0,0,0,0,0,0,0,0,0,0.12431177241062218,0.3426533808777952,0.1621519642251024
CUST-1685,Sneha Johnson,57,138931.0,6,Two Year,96.46,565.37,2,2020-10-24 00:00:00,Phoenix,No,2,0,0,0,1,0,1,0,1,0,0,1,0,0.8367301993300286,0.5192788349385143,0.04657805327348881
CUST-1052,Neha Wilson,60,104737.0,66,Month-to-Month,69.17,4559.52,1,2020-07-05 00:00:00,Sydney,Yes,0,1,1,0,0,1,0,0,0,0,0,1,0,0.5724971698149658,0.3373879428133436,0.3756364247511147
CUST-1071,Arjun Jones,28,89844.0,63,Two Year,57.89,3647.07,5,2020-12-15 00:00:00,Sydney,No,2,0,0,0,0,0,0,1,0,0,1,0,0,0.4574119938025709,0.2622054853867431,0.3004641575466382
CUST-1622,David Brown,41,133605.0,59,Two Year,86.89,5125.25,3,2020-07-10 00:00:00,New York,Yes,2,1,0,1,0,1,0,0,0,0,0,0,1,0.7955737065185053,0.4554937181324358,0.42224413665378163
CUST-1077,Lisa Patel,41,81650.0,32,Month-to-Month,27.22,863.39,2,2024-03-26 00:00:00,New York,No,0,0,0,0,0,1,0,0,0,0,0,1,0,0.3940931237128937,0.057786516479488105,0.07113045512814174
CUST-1987,Robert Johnson,54,87396.0,71,Month-to-Month,56.17,3978.63,3,2022-03-24 00:00:00,Singapore,No,0,0,0,1,0,0,1,0,0,0,0,1,0,0.43849515294590385,0.25074149365148135,0.32777975501972295
CUST-1515,Joseph Miller,63,57376.0,49,Two Year,23.93,1169.25,4,2021-03-04 00:00:00,Sydney,No,2,0,0,0,1,1,0,0,0,0,0,0,0,0.2065165734862857,0.03585829973006298,0.09632875601823017
CUST-1142,Richard Brown,41,76087.0,10,Month-to-Month,107.7,1077.0,1,2024-03-01 15:00:00,Phoenix,Yes,0,1,0,0,0,0,1,0,1,1,0,0,0,0.35110522106353137,0.5941946879061553,0.08872873229132683
CUST-1271,Christopher Miller,40,78594.0,13,One Year,92.81,1212.11,3,2021-11-24 00:00:00,Unknown,No,1,0,0,0,0,1,0,0,1,0,0,0,0,0.37047798251274067,0.49495117805845307,0.09985978059205212
CUST-1908,Mary Miller,46,87396.0,57,Two Year,104.69,5965.82,5,2023-07-22 00:00:00,Chicago,No,2,0,0,0,0,0,1,0,1,1,0,0,0,0.43849515294590385,0.5741327023694471,0.4914945642323522
CUST-1240,John Jones,36,48247.0,51,Two Year,114.93,5857.52,4,2020-09-30 16:30:00,Houston,No,2,0,1,0,0,0,0,0,0,0,1,0,0,0.13597252112496475,0.6423834438630986,0.48257225995458936
CUST-2402,Ananya Anderson,65,160059.5,37,Two Year,56.63,853.58,3,2020-02-20 00:00:00,New York,No,2,0,0,0,0,0,0,0,0,0,0,0,0,1.0,0.25380744492951646,0.07032225748303692
CUST-1988,James Reddy,22,88017.0,24,Two Year,94.7,2279.4,1,2020-01-20 00:00:00,Bengaluru,Yes,2,1,0,0,1,0,0,0,1,0,0,0,0,0.4432939103691025,0.507548238744293,0.18778855374637918
CUST-1758,Robert Wilson,60,91786.0,17,Two Year,113.5,1923.81,1,2023-08-01 13:30:00,Houston,No,2,0,1,0,0,0,1,0,1,0,0,1,0,0.4724187360181132,0.6328523344552938,0.15849324277565222
CUST-1221,Margaret Anderson,27,160059.5,59,Two Year,64.16,3785.4399999999996,4,2020-12-02 00:00:00,Unknown,Yes,2,1,0,0,0,1,0,1,0,1,0,0,0,1.0,0.3039957343286567,0.3118637812115879
CUST-2099,Elizabeth Brown,41,78226.0,9,Two Year,78.77,699.22,5,2023-10-20 00:00:00,Toronto,Yes,2,1,1,0,0,0,0,0,0,0,0,0,0,0.36763427441010443,0.4013730129636418,0.05760529637209057
CUST-1708,Aarav Jones,50,98527.0,62,Two Year,46.08,2849.6,4,2023-11-03 00:00:00,Toronto,Yes,2,1,1,0,0,1,0,0,0,0,0,1,0,0.5245095955829795,0.18349051887892823,0.2347645269613416
CUST-1186,Margaret Lopez,41,85146.0,57,One Year,91.48,5218.93,5,2022-02-19 00:00:00,Bengaluru,Yes,1,1,1,0,0,0,1,0,1,0,0,0,0,0.4211083506879378,0.4860865797980472,0.4299619710465871
CUST-2092,Richard Gupta,19,54641.0,43,Month-to-Month,70.97,2155.67,2,2023-06-05 00:00:00,Phoenix,No,0,0,1,0,0,1,0,0,0,0,0,1,0,0.18538194940826916,0.3493851434665245,0.17759504766800788
CUST-1661,Aarav Jones,26,85964.0,40,Month-to-Month,25.77,1034.01,2,2021-02-16 00:00:00,Houston,No,0,0,0,0,0,1,0,0,0,0,0,0,0,0.42742941924216726,0.04812210484220348,0.08518699765696829
CUST-1317,Betty Sharma,42,90898.0,29,Month-to-Month,84.03,2432.22,5,2023-05-03 00:00:00,Hyderabad,Yes,0,1,1,0,0,0,0,0,1,1,0,0,0,0.46555674472696923,0.4364314993168261,0.2003786418325078
CUST-2260,Robert Nair,42,42072.0,55,Two Year,70.97,2745.83,3,2023-11-05 00:00:00,New York,Yes,2,1,0,0,0,1,0,1,0,0,0,0,0,0.08825540826143569,0.3493851434665245,0.22621542710073717
CUST-1817,Aditya Kumar,54,102111.0,15,One Year,25.43,382.62,4,2022-03-04 00:00:00,Los Angeles,No,1,0,0,0,1,1,0,0,0,0,0,1,0,0.5522048397130018,0.045855966941047085,0.031522179711520396
CUST-2118,Rohit Davis,54,100732.0,18,One Year,116.91,2106.38,3,2024-10-16 00:00:00,Mumbai,No,1,0,1,0,0,0,0,0,1,0,0,0,1,0.5415486617957862,0.6555803645815976,0.17353428702303156
CUST-1694,Daniel Reddy,59,132932.0,14,One Year,32.2,447.43,3,2020-07-28 00:00:00,Hyderabad,No,1,0,0,0,0,0,0,0,0,0,0,0,0,0.7903731207764559,0.09097877161995536,0.03686155681439959
CUST-1136,Arjun Anderson,67,123134.0,30,Two Year,48.93,1467.9,4,2023-05-01 00:00:00,Chennai,No,2,0,0,0,0,0,1,0,1,0,1,0,0,0.7146593925437664,0.20248608657979805,0.12093306047394489
CUST-1715,Robert Singh,46,73034.0,37,One Year,70.97,2625.89,4,2021-06-12 00:00:00,Chicago,No,1,0,0,0,0,0,1,0,1,0,1,0,0,0.327513262266389,0.3493851434665245,0.21633416047954707
CUST-1820,Mark Johnson,52,87396.0,29,One Year,50.66,1456.71,4,2020-01-13 00:00:00,London,No,1,0,1,0,0,0,0,0,0,0,0,0,0,0.43849515294590385,0.2140167294297997,0.12001117141699044
CUST-1673,Linda Patel,42,50774.0,1,Two Year,42.85,42.42,1,2024-11-30 13:30:00,Delhi,No,2,0,0,0,0,0,0,0,1,0,0,0,1,0.15549983192757819,0.1619622088179425,0.003494775138159781
CUST-1484,Jessica Iyer,51,105022.0,70,Two Year,44.64,3133.12,3,2023-03-19 00:00:00,Houston,No,2,0,0,0,0,0,0,1,0,1,0,0,0,0.5746994981009749,0.17389275835638351,0.2581223451407631
CUST-1068,Christopher Smith,24,107269.0,50,One Year,117.59,5879.52,5,2024-07-25 00:00:00,Sydney,No,1,0,0,0,0,1,0,0,1,0,1,0,0,0.5920631179559303,0.6601126403839105,0.4843847317376991
CUST-1382,Lisa Davis,56,58945.0,17,Two Year,99.43,1694.71,5,2020-08-20 00:00:00,Los Angeles,No,2,0,0,1,0,0,0,1,0,0,0,0,0,0.21864097026084067,0.5390742160162629,0.1396188207069958
CUST-1652,Patricia Brown,23,52739.0,12,Month-to-Month,23.95,280.52,3,2024-01-17 00:00:00,Singapore,Yes,0,1,0,1,0,0,1,1,0,1,0,0,0,0.1706843058995352,0.03599160195954276,0.023110662936270194
CUST-1781,Margaret Reddy,41,147386.0,53,Two Year,49.66,2636.22,3,2023-02-10 00:00:00,Mumbai,No,2,0,0,1,0,0,1,0,1,0,0,0,0,0.9020659384816299,0.20735161795581028,0.21718519836679812
CUST-2209,Barbara Iyer,49,63435.0,37,Two Year,66.44,1000.22,1,2024-02-13 00:00:00,Chennai,No,2,0,0,0,0,1,0,0,1,0,0,0,0,0.2533373001000707,0.3191921884893525,0.08240320576827383
CUST-1707,Sneha Davis,43,109752.0,4,Month-to-Month,75.19,295.49,5,2020-02-13 00:00:00,Houston,Yes,0,1,0,0,0,0,1,0,1,0,0,1,0,0.6112504201810546,0.37751191388675975,0.024343967599595322
CUST-2417,Joseph Anderson,42,119592.0,64,Two Year,59.37,3799.75,2,2024-04-24 00:00:00,Bengaluru,No,2,0,0,0,0,0,0,0,1,0,0,1,0,0.6872887020558928,0.2720698503682474,0.3130427117214198
CUST-1865,Charles Patel,46,87396.0,3,One Year,25.45,69.55,3,2024-12-24 00:00:00,London,No,1,0,0,0,0,1,0,0,0,0,0,1,0,0.43849515294590385,0.04598926917052687,0.005729882387058292
CUST-2176,Elizabeth Smith,33,136958.0,37,Two Year,70.97,2626.48,2,2021-10-26 00:00:00,Chennai,No,2,0,0,0,0,1,0,0,1,1,0,0,0,0.8214839056167099,0.3493851434665245,0.21638276767736683
CUST-1414,Patricia Martinez,54,106055.0,71,One Year,76.67,5453.24,4,2020-10-09 00:00:00,Mumbai,No,1,0,0,0,0,1,0,0,0,0,0,0,0,0.5826819722042987,0.3873762788682641,0.4492656193875163
CUST-2095,Pooja Miller,41,87396.0,37,Two Year,21.94,385.75,2,2021-09-18 00:00:00,New York,No,2,0,1,0,0,1,0,0,0,0,0,0,0,0.43849515294590385,0.02259472789682408,0.031780045015208286
CUST-2290,Joseph Kumar,35,107878.0,0,Two Year,43.47,124.41,3,2023-09-15 00:00:00,Delhi,No,2,0,0,0,0,1,0,0,1,0,1,0,0,0.5967691457670864,0.1660945779318159,0.01024952793348558
CUST-1030,Nancy Brown,41,96104.0,72,Two Year,64.09,4617.93,5,2024-06-20 00:00:00,Singapore,No,2,0,0,1,0,0,1,0,1,0,0,0,1,0.5057859414180675,0.30352917652547745,0.380448537335271
CUST-1429,Mary Gonzalez,18,117802.0,56,Month-to-Month,36.9,1985.3,3,2021-02-23 00:00:00,Toronto,No,0,0,0,0,1,0,1,1,0,0,1,0,0,0.673456534926222,0.12230479554770553,0.16355910140944396
CUST-1721,Patricia Gonzalez,26,58067.0,57,Month-to-Month,70.97,2851.04,4,2024-06-10 00:00:00,Phoenix,No,0,0,1,0,0,1,0,0,0,0,0,1,0,0.21185625364639882,0.3493851434665245,0.23488316147805424
CUST-1440,Sandra Jones,41,38377.0,37,Two Year,59.59,2208.2,1,2022-03-13 00:00:00,New York,No,2,0,1,0,0,0,0,1,0,0,0,1,0,0.05970241522002032,0.27353617489252513,0.1819227359755876
CUST-1577,Neha Rodriguez,65,74895.0,15,Two Year,78.05,1172.26,1,2020-04-14 00:00:00,Unknown,No,2,0,1,0,0,0,0,0,0,0,0,1,0,0.3418940796006445,0.39657413270236946,0.096576735112192
CUST-2098,Charles Gonzalez,26,87396.0,0,One Year,50.6,1158.44,5,2020-09-20 00:00:00,Chennai,No,1,0,0,0,0,0,0,0,0,0,0,1,0,0.43849515294590385,0.21361682274136035,0.09543817329207488
CUST-2492,Joseph Hernandez,39,96186.0,57,Month-to-Month,50.11,2857.05,1,2021-11-06 00:00:00,Delhi,No,0,0,1,0,0,0,1,0,1,0,0,0,0,0.5064195937670246,0.21035091811910553,0.23537829581516742
CUST-2409,Joseph Anderson,41,81548.0,25,Two Year,53.32,1334.37,3,2021-04-13 00:00:00,Los Angeles,No,2,0,0,0,0,1,0,0,0,0,0,1,0,0.3933049220105325,0.2317459259506115,0.10993218060127925
CUST-2383,Betty Garcia,29,87725.0,64,Month-to-Month,40.1,2566.4,1,2023-03-10 00:00:00,Chennai,No,0,0,1,0,0,0,0,0,1,0,0,0,1,0.441037489809402,0.14363315226447163,0.21143307200785624
CUST-1803,Susan Miller,35,67202.0,68,Two Year,45.82,3112.66,3,2023-11-23 00:00:00,London,No,2,0,1,0,0,0,1,0,0,0,1,0,0,0.282446670813741,0.18175758989569102,0.25643674638247105
CUST-1995,Sandra Smith,44,122402.0,35,Month-to-Month,70.97,1757.16,5,2021-02-01 00:00:00,Los Angeles,No,0,0,1,0,0,0,0,0,0,0,1,0,0,0.7090028862091748,0.3493851434665245,0.14476376901859594
CUST-2263,Sarah Rodriguez,43,160059.5,44,Two Year,55.66,2443.25,2,2023-01-06 00:00:00,Delhi,No,2,0,1,0,0,0,1,1,0,0,1,0,0,1.0,0.24734228679974674,0.2012873492764942
CUST-1426,Matthew Hernandez,42,87396.0,0,One Year,87.34,1922.81,5,2024-10-25 00:00:00,Singapore,No,1,0,1,0,0,1,0,0,1,0,1,0,0,0.43849515294590385,0.458493018295731,0.15841085769460178
CUST-1902,Jessica Singh,33,82854.0,37,Two Year,87.64,3249.74,5,2021-02-13 00:00:00,Los Angeles,Yes,2,1,0,0,0,1,0,0,0,0,1,0,0,0.40339699478782304,0.46049255173792786,0.26773009329286573
CUST-1846,Sarah Brown,32,85799.0,20,One Year,168.585,12138.12,2,2020-03-08 00:00:00,Mumbai,No,1,0,0,1,0,1,0,0,0,0,0,0,0,0.42615438707658304,1.0,1.0
CUST-1412,James Rodriguez,28,86478.0,25,Two Year,48.32,1208.0,1,2023-03-01 00:00:00,Delhi,No,2,0,1,0,0,1,0,0,1,0,1,0,0,0.4314013376246537,0.1984203685806645,0.09952117790893482
CUST-1768,Thomas Johnson,53,87396.0,66,Two Year,70.97,3298.93,4,2024-10-24 00:00:00,London,No,2,0,1,0,0,0,1,0,0,0,1,0,0,0.43849515294590385,0.3493851434665245,0.27178261542973703
CUST-1744,Christopher Williams,47,160059.5,69,Month-to-Month,117.58,8087.92,1,2020-02-10 00:00:00,Houston,No,0,0,1,0,0,1,0,1,0,1,0,0,0,1.0,0.6600459892691706,0.6663239447294967
CUST-1290,Michael Williams,37,74640.0,65,One Year,96.38,6256.99,4,2020-06-26 00:00:00,Berlin,No,1,0,1,0,0,0,1,1,0,0,0,0,0,0.33992357534474166,0.5187456260205952,0.5154826282818097
CUST-1307,Karen Williams,43,59986.0,57,One Year,54.01,3087.8,3,2024-05-26 00:00:00,Chicago,No,1,0,0,0,0,0,1,1,0,1,0,0,0,0.2266852641055263,0.23634485286766418,0.2543886532675571
CUST-1528,Pooja Williams,33,51347.0,14,Two Year,102.21,1436.53,1,2023-10-31 21:00:00,Houston,No,2,0,0,1,0,0,1,0,1,0,0,0,0,0.15992767090260687,0.5576032259139534,0.1183486404813925
CUST-1529,Susan Jones,57,89713.0,36,Month-to-Month,109.97,3952.14,3,2024-01-06 00:00:00,Unknown,No,0,0,0,1,0,0,0,0,1,0,1,0,0,0.4563996955377738,0.6093244909521112,0.32559737422269674
CUST-1463,Jessica Jones,28,89988.0,40,Month-to-Month,94.34,3778.04,3,2023-05-21 00:00:00,Sydney,No,0,0,1,0,0,1,0,0,1,0,0,0,1,0.45852474914708075,0.5051487986136569,0.31125413161181464
CUST-2058,Mary Davis,58,78370.0,37,Month-to-Month,93.87,3473.19,2,2022-05-17 00:00:00,Sydney,No,0,0,0,0,0,0,0,1,0,0,1,0,0,0.36874702975461426,0.5020161962208819,0.2861390396535872
CUST-2236,Aarav Iyer,18,74273.0,68,Month-to-Month,31.2,2129.09,3,2023-09-21 00:00:00,Delhi,No,0,0,0,0,1,0,1,1,0,0,0,0,0,0.3370875947097756,0.08431366014596593,0.17540525221368714
CUST-1614,Jennifer Jones,54,150504.0,42,Month-to-Month,70.97,2103.1,1,2020-10-03 00:00:00,Unknown,No,0,0,0,1,0,0,1,0,0,0,1,0,0,0.9261601826773357,0.3493851434665245,0.1732640639571861
CUST-2291,Thomas Verma,41,36670.0,23,One Year,83.47,1922.49,2,2023-11-17 00:00:00,Mumbai,No,1,0,0,0,0,0,0,0,0,0,0,1,0,0.046511627906976744,0.43269903689139205,0.15838449446866565
CUST-1635,Vikram Iyer,18,121817.0,8,Month-to-Month,106.18,842.12,3,2024-06-09 00:00:00,Bengaluru,Yes,0,1,0,1,0,1,0,0,1,0,0,0,0,0.7044823176221037,0.5840637184656914,0.06937812445419883
CUST-2166,Michael Davis,29,98245.0,13,Month-to-Month,59.49,770.76,4,2024-09-15 00:00:00,Chicago,No,0,0,0,0,0,1,0,0,1,0,0,1,0,0.5223304496999811,0.2728696637451261,0.06349912507043924
CUST-2145,Aditya Nair,21,111928.0,35,Month-to-Month,41.58,1455.31,2,2023-10-12 00:00:00,Mumbai,No,0,0,0,1,0,0,0,0,0,0,0,1,0,0.6280653898314253,0.15349751724597593,0.11989583230351981
CUST-2143,John Reddy,59,94244.0,46,One Year,35.99,1663.54,5,2021-01-12 00:00:00,Delhi,Yes,1,1,0,0,0,0,1,0,1,1,0,0,0,0.49141285155148234,0.11623954410637519,0.1370508777306535
CUST-2188,Susan Sharma,32,80434.0,3,One Year,97.48,283.09,2,2024-09-30 16:30:00,Toronto,No,1,0,1,0,0,0,1,0,0,0,1,0,0,0.3846965230259218,0.5260772486419836,0.02332239259456983
CUST-1116,Rohit Garcia,73,59917.0,68,Two Year,70.97,3398.91,3,2023-02-13 00:00:00,New York,No,2,0,1,0,0,0,0,0,1,1,0,0,0,0.226152068836282,0.3493851434665245,0.2800194758331603
CUST-2189,Michael Williams,42,132883.0,49,Two Year,70.97,2459.94,1,2023-11-10 00:00:00,Chicago,Yes,2,1,0,0,1,1,0,0,1,0,0,1,0,0.7899944748606158,0.3493851434665245,0.2026623562792261
CUST-2104,Anthony Sharma,54,95849.0,70,Month-to-Month,62.0,4333.55,3,2022-07-07 00:00:00,Sydney,Yes,0,1,1,0,0,0,0,0,0,1,0,0,0,0.5038154371621648,0.28959909354483954,0.3570198679861461
CUST-1983,Mary Wilson,42,142633.0,7,One Year,32.93,222.76,1,2022-08-03 00:00:00,Los Angeles,No,1,0,1,0,0,0,1,0,0,0,0,0,0,0.8653372846451354,0.0958443029959676,0.018352100654796623
CUST-1991,Aarav Miller,58,113073.0,37,Two Year,85.33,3160.3,1,2021-06-05 00:00:00,Chennai,No,2,0,1,0,0,0,0,0,1,0,1,0,0,0.6369133403138124,0.4450961442330123,0.2603615716437142
CUST-2042,Matthew Johnson,49,51898.0,55,Two Year,35.35,1950.28,4,2024-07-08 00:00:00,Singapore,Yes,2,1,0,0,0,0,0,0,1,0,0,0,0,0.164185505588891,0.11197387276302197,0.16067397587105745
CUST-2204,Sarah Martinez,62,87396.0,37,One Year,59.12,1116.37,4,2021-08-13 00:00:00,Delhi,No,1,0,0,0,0,0,0,0,0,0,1,0,0,0.43849515294590385,0.27040357249975,0.09197223293228274
CUST-1680,Robert Verma,35,94766.0,43,One Year,70.97,2159.75,5,2024-09-28 00:00:00,Sydney,No,1,0,0,1,0,0,0,0,0,0,1,0,0,0.49544658967533045,0.3493851434665245,0.1779311787986937
CUST-1079,Jennifer Kumar,19,61137.0,28,Month-to-Month,31.59,890.29,3,2022-08-31 18:00:00,Houston,No,0,0,0,0,0,0,0,0,1,1,0,0,0,0.2355795793939347,0.0869130536208218,0.07334661380839866
CUST-1299,Christopher Jones,23,154071.0,62,One Year,27.7,1721.63,1,2019-10-31 21:00:00,Singapore,No,1,0,0,1,0,0,1,0,0,0,1,0,0,0.9537240598569646,0.06098576998700302,0.14183662708887373
CUST-2429,Anthony Miller,21,68879.0,48,Two Year,38.08,1825.23,2,2024-05-18 00:00:00,New York,No,2,0,0,0,0,0,0,0,0,0,0,1,0,0.29540563409667836,0.13016962708701302,0.15037172148569958
CUST-1678,Robert Martinez,55,77626.0,63,One Year,44.33,2792.91,5,2021-03-27 00:00:00,Phoenix,Yes,1,1,0,0,0,0,0,1,0,0,0,0,0,0.36299779380798014,0.1718265737994468,0.230094116716592
CUST-1599,Ananya Reddy,49,101456.0,34,One Year,75.61,2571.47,3,2020-12-08 00:00:00,Hyderabad,No,1,0,1,0,0,0,1,0,0,0,0,0,0,0.5471433483890161,0.3803112607058353,0.21185076436878195
CUST-1333,Arjun Martinez,33,51384.0,61,Two Year,66.96,4085.22,5,2020-08-08 00:00:00,Unknown,No,2,0,0,0,0,0,1,0,0,0,1,0,0,0.16021358720640452,0.32265804645582696,0.33656118080888964
CUST-1945,Priya Verma,37,140171.0,70,Month-to-Month,111.53,7807.72,5,2023-03-28 00:00:00,Mumbai,No,0,0,0,0,0,1,0,0,0,0,0,0,1,0.8463122592410854,0.6197220648515347,0.6432396450191628
CUST-1016,Matthew Wilson,33,85166.0,50,Two Year,116.82,5849.14,2,2020-05-13 00:00:00,Mumbai,No,2,0,0,0,0,0,0,0,0,0,0,0,0,0.4212629000413419,0.6549805045489385,0.48188187297538665
CUST-1598,Anthony Williams,39,70614.0,43,One Year,70.97,2142.49,3,2021-08-14 00:00:00,Singapore,No,1,0,0,1,0,0,0,0,1,0,0,1,0,0.30881279050448773,0.3493851434665245,0.17650921229976302
CUST-2094,Sneha Rodriguez,51,72146.0,53,Two Year,72.24,3831.23,3,2024-06-24 00:00:00,Houston,Yes,2,1,0,0,0,0,0,0,0,0,0,0,0,0.32065127097524504,0.357849835038491,0.31563619407288773
CUST-1406,Lisa Johnson,40,72586.0,41,Month-to-Month,99.78,4099.45,5,2022-04-26 00:00:00,Singapore,Yes,0,1,0,0,1,1,0,0,0,0,0,0,0,0.3240513567501362,0.5414070050321592,0.33773352051223743
CUST-2240,James Iyer,41,75511.0,5,One Year,75.3,366.63,3,2022-05-24 00:00:00,Unknown,No,1,0,1,0,0,1,0,0,0,0,1,0,0,0.34665419968549205,0.3782450761488986,0.030204842265523817
CUST-1494,Michael Jones,44,48027.0,34,Two Year,70.49,2398.04,5,2023-01-26 00:00:00,Singapore,Yes,2,1,0,0,0,1,0,0,0,0,0,0,0,0.13427247823751917,0.34618588995900956,0.1975627197622037
CUST-1354,Sandra Iyer,60,69547.0,29,Two Year,91.9,2661.6,3,2024-11-13 00:00:00,Singapore,No,2,0,1,0,0,0,0,0,0,0,0,1,0,0.30056758250037674,0.4888859266171227,0.21927613172385838
CUST-1786,John Reddy,37,146589.0,34,Two Year,60.87,2078.66,1,2022-03-02 03:00:00,Toronto,Yes,2,1,0,0,0,0,1,1,0,1,0,0,0,0.8959071467484748,0.2820675175792315,0.17125057257631326
CUST-2385,Robert Davis,52,83121.0,13,Two Year,104.46,1359.13,4,2020-07-15 00:00:00,London,Yes,2,1,1,0,0,1,0,0,1,1,0,0,0,0.40546022865576836,0.5725997267304296,0.11197203520808824
CUST-1535,Linda Hernandez,40,114114.0,44,Month-to-Month,168.585,12138.12,1,2021-11-25 00:00:00,Unknown,No,0,0,1,0,0,0,0,0,0,0,1,0,0,0.644957634158498,1.0,1.0
CUST-2359,James Lopez,50,160059.5,3,Month-to-Month,84.45,244.58,2,2020-05-19 00:00:00,Unknown,No,0,0,0,1,0,1,0,0,0,0,1,0,0,1.0,0.4392308461359017,0.020149743123317285
CUST-2177,Linda Martinez,32,57184.0,65,One Year,23.72,1544.38,5,2024-04-16 00:00:00,London,Yes,1,1,1,0,0,1,0,0,0,0,0,1,0,0.2050328996936059,0.034458626320525196,0.12723387147268275
CUST-1567,Joseph Patel,40,80241.0,44,Month-to-Month,31.88,1405.19,2,2021-05-01 18:00:00,Bengaluru,No,0,0,0,1,0,1,0,0,1,0,0,0,0,0.3832051217655718,0.08884593594827872,0.11576669204127163
CUST-2482,William Kumar,36,97176.0,2,Month-to-Month,92.51,186.92,4,2021-02-06 00:00:00,Mumbai,No,0,0,0,0,0,1,0,0,1,0,0,0,0,0.5140697867605296,0.4929516446162563,0.015399419349948755
CUST-2497,Betty Gonzalez,52,79363.0,37,Two Year,70.97,107.56,3,2023-07-12 00:00:00,Houston,No,2,0,0,1,0,1,0,0,1,1,0,0,0,0.37642040515112996,0.3493851434665245,0.00886133931778562
CUST-1433,Elizabeth Smith,40,47345.0,60,Month-to-Month,111.01,6651.66,5,2024-08-02 00:00:00,Delhi,No,0,0,1,0,0,1,0,0,1,0,1,0,0,0.12900234528643792,0.6162562068850602,0.5479975482199879
CUST-1172,Michael Johnson,36,87396.0,1,Two Year,57.73,57.73,1,2024-04-01 00:00:00,Sydney,No,2,0,1,0,0,0,0,0,0,0,1,0,0,0.43849515294590385,0.26113906755090477,0.004756090729042059
CUST-1938,Barbara Wilson,33,82898.0,10,Two Year,74.08,740.8,2,2021-11-20 00:00:00,Houston,No,2,0,0,0,0,0,0,0,1,0,0,0,0,0.40373700336531215,0.37011364015063153,0.06103086804216797
CUST-2053,William Patel,36,83826.0,37,One Year,47.98,723.44,4,2023-07-20 00:00:00,Bengaluru,No,1,0,1,0,0,0,1,0,0,1,0,0,0,0.4109080933632644,0.1961542306795081,0.05960066303513229
CUST-2358,Lisa Davis,43,61628.0,52,Two Year,62.1,3232.56,3,2020-08-31 06:00:00,Toronto,Yes,2,1,0,0,0,1,0,0,0,0,1,0,0,0.2393737660200064,0.29026560469223844,0.26631471760041914
CUST-2051,Priya Gonzalez,29,114886.0,6,Two Year,33.88,201.18,2,2022-02-24 00:00:00,Berlin,No,2,0,0,0,0,1,0,0,1,0,0,0,0,0.650923239199898,0.10217615889625756,0.01657423060572807
CUST-1245,James Hernandez,48,130783.0,54,One Year,39.26,2128.82,3,2020-07-07 00:00:00,Singapore,Yes,1,1,1,0,0,1,0,0,1,0,1,0,0,0.7737667927531808,0.13803445862632052,0.1753830082418035
CUST-1057,Aarav Sharma,47,105955.0,69,One Year,102.47,7061.16,1,2022-10-20 00:00:00,Phoenix,No,1,0,1,0,0,0,0,1,0,1,0,0,0,0.5819092254372781,0.5593361548971907,0.5817342389101442
CUST-2076,Christopher Gonzalez,64,123394.0,43,Month-to-Month,111.39,4786.22,2,2022-02-06 00:00:00,Singapore,No,0,0,0,0,0,0,0,0,0,0,0,1,0,0.7166685341380203,0.6187889492451761,0.39431312262525003
CUST-2449,Margaret Miller,35,81971.0,61,Two Year,70.22,4286.67,5,2022-11-06 00:00:00,Houston,No,2,0,0,1,0,0,0,0,0,0,0,1,0,0.39657364083503016,0.34438630986103247,0.35315765538650135
CUST-2301,Aarav Gonzalez,31,55410.0,50,Two Year,51.43,2581.14,1,2021-09-23 00:00:00,Berlin,No,2,0,0,0,0,0,1,0,0,0,1,0,0,0.19132437204665845,0.21914886526477154,0.21264742810253975
CUST-2277,Arjun Brown,39,110353.0,21,Two Year,46.63,979.23,3,2021-12-20 00:00:00,Hyderabad,No,2,0,0,0,1,1,0,0,0,0,0,1,0,0.6158946282508491,0.18715633018962244,0.08067394291702504
CUST-2113,Barbara Johnson,68,160059.5,71,Month-to-Month,61.62,4365.93,5,2020-04-20 00:00:00,Unknown,No,0,0,0,0,0,1,0,1,0,1,0,0,0,1.0,0.2870663511847235,0.35968749691055946
CUST-1044,Aarav Anderson,38,98330.0,68,Month-to-Month,70.97,3405.88,5,2021-12-05 00:00:00,Unknown,No,0,0,0,0,1,1,0,0,0,0,1,0,0,0.5229872844519486,0.3493851434665245,0.2805936998480819
CUST-1472,Elizabeth Wilson,49,108916.0,20,Month-to-Month,21.56,436.19,5,2022-11-08 00:00:00,London,No,0,0,0,1,0,0,1,0,0,0,0,1,0,0.6047902572087615,0.02006198553670809,0.03593554850339262
CUST-2019,Michael Davis,30,68669.0,0,Month-to-Month,62.38,504.01,1,2020-07-04 00:00:00,Sydney,Yes,0,1,1,0,0,1,0,0,0,0,0,0,0,0.29378286588593483,0.2921318359049555,0.04152290470023364
CUST-1498,William Smith,34,89102.0,9,Two Year,75.53,685.35,3,2021-12-07 00:00:00,Bengaluru,Yes,2,1,0,0,0,0,1,0,1,0,0,0,0,0.45167821279127723,0.3797780517879162,0.05646261529792093
CUST-1102,John Reddy,53,55340.0,46,One Year,28.28,1296.05,2,2022-04-24 00:00:00,Berlin,Yes,1,1,1,0,0,0,0,1,0,1,0,0,0,0.19078344930974395,0.0648515346419169,0.1067751842954263
CUST-2197,James Miller,23,87396.0,7,Two Year,23.02,153.07,4,2021-03-12 00:00:00,New York,No,2,0,1,0,0,1,0,0,1,1,0,0,0,0.43849515294590385,0.029793048288732624,0.012610684356391268
CUST-2381,Sneha Kumar,71,128359.0,31,One Year,70.58,2187.98,2,2024-10-23 00:00:00,Houston,No,1,0,0,0,0,0,1,0,1,1,0,0,0,0.7550354111205987,0.3467857499916686,0.1802569096367477
CUST-1108,Matthew Singh,19,160059.5,21,Two Year,36.67,767.24,4,2023-04-01 19:30:00,Mumbai,No,2,0,0,0,0,0,0,1,0,0,0,1,0,1.0,0.12077181990868799,0.06320912958514169
CUST-1757,Thomas Gonzalez,38,57593.0,22,Two Year,21.38,462.73,1,2023-10-08 00:00:00,Houston,No,2,0,0,0,0,0,0,0,1,1,0,0,0,0.20819343397072063,0.01886226547139,0.03812204855447137
CUST-1640,Betty Garcia,51,59551.0,2,Month-to-Month,27.24,47.98,4,2020-03-14 00:00:00,Singapore,Yes,0,1,1,0,0,0,1,0,0,0,0,0,0,0.2233238156689862,0.057919818708967896,0.003952836188800242
CUST-1812,Sarah Verma,57,79342.0,47,Two Year,57.58,2706.2599999999998,4,2024-05-23 00:00:00,Berlin,No,2,0,0,0,0,1,0,0,1,1,0,0,0,0.3762581283300556,0.2601393008298064,0.22295544944357112
CUST-1428,Mary Patel,43,77854.0,50,Two Year,78.75,3935.05,3,2021-07-20 00:00:00,London,No,2,0,0,0,0,1,0,0,1,0,1,0,0,0.36475965643678737,0.40123971073416204,0.3241894131875447
CUST-2085,Mary Johnson,25,116125.0,31,Two Year,59.96,1854.72,3,2022-08-11 00:00:00,Phoenix,No,2,0,1,0,0,0,0,0,0,0,0,0,1,0.6604975716432846,0.27600226613790113,0.15280125752587714
CUST-1742,Betty Singh,41,76420.0,27,One Year,74.27,1999.7,1,2022-10-13 00:00:00,Phoenix,No,1,0,0,0,1,0,0,0,1,1,0,0,0,0.35367846779771034,0.3713800113306895,0.16474544657657034
CUST-1129,Sneha Reddy,40,88946.0,1,Two Year,70.97,58.94,2,2022-08-22 00:00:00,New York,No,2,0,1,0,0,0,1,0,0,0,0,1,0,0.4504727278347249,0.3493851434665245,0.004855776677113095
CUST-2103,Lisa Brown,46,124194.0,39,One Year,60.53,2362.74,1,2020-06-24 00:00:00,Sydney,Yes,1,1,1,0,0,0,0,0,1,0,0,1,0,0.722850508274186,0.27980137967807517,0.19465452640112305
CUST-1375,Ananya Wilson,52,87396.0,72,One Year,25.2,1807.21,4,2024-04-08 00:00:00,Phoenix,No,1,0,1,0,0,1,0,0,1,1,0,0,0,0.43849515294590385,0.04432299130202952,0.1488871423251706
CUST-2305,Joseph Davis,65,109345.0,17,Two Year,70.97,847.93,3,2022-04-27 00:00:00,Mumbai,No,2,0,0,0,0,1,0,0,0,0,0,1,0,0.6081053408392803,0.3493851434665245,0.0698567817751019
CUST-1887,David Lopez,18,66486.0,52,Month-to-Month,22.44,1170.48,4,2023-07-24 00:00:00,Chennai,No,0,0,0,0,0,0,1,0,1,0,0,0,0,0.27691380396187265,0.02592728363381878,0.09643008966792221
CUST-1384,Jessica Nair,33,97418.0,7,Two Year,59.36,426.1,4,2020-09-03 00:00:00,London,No,2,0,0,0,0,1,0,0,1,0,0,0,0,0.5159398339367197,0.2720031992535075,0.03510428303559365
CUST-2379,Mark Verma,18,58999.0,37,Two Year,107.32,2368.6,4,2022-03-19 00:00:00,Delhi,No,2,0,0,0,0,0,0,0,1,0,0,0,0,0.21905825351503186,0.5916619455460392,0.19513730297607865
CUST-1310,Michael Reddy,63,145270.0,16,One Year,108.05,1719.65,2,2022-09-28 00:00:00,Berlin,Yes,1,1,1,0,0,0,1,1,0,0,0,1,0,0.8857146168914716,0.5965274769220515,0.14167350462839384
CUST-1248,James Williams,41,87521.0,71,Two Year,65.32,4631.67,2,2022-08-03 00:00:00,Bengaluru,No,2,0,1,0,0,0,0,0,1,0,1,0,0,0.43946108640467973,0.31172726363848435,0.3815805083489041
CUST-2030,Joseph Smith,48,56451.0,70,Month-to-Month,48.94,3425.7999999999997,5,2022-11-13 00:00:00,Bengaluru,No,0,0,0,0,0,0,0,0,1,0,0,1,0,0.19936866589134408,0.20255273769453794,0.2822348106626067
CUST-2444,Nancy Rodriguez,25,107283.0,65,Two Year,86.92,5641.13,3,2021-03-18 00:00:00,Mumbai,No,2,0,0,0,0,1,0,0,0,0,0,1,0,0.5921713025033132,0.4556936714766555,0.46474495226608403
CUST-1591,Aarav Anderson,37,77314.0,27,Two Year,56.2,1512.64,3,2024-11-09 00:00:00,Hyderabad,No,2,0,0,0,0,1,0,0,0,0,0,1,0,0.3605868238948755,0.25094144699570103,0.1246189690001417
CUST-1033,Lisa Verma,53,87396.0,67,Month-to-Month,61.23,4102.41,2,2020-09-03 00:00:00,Toronto,No,0,0,1,0,0,0,0,0,1,0,1,0,0,0.43849515294590385,0.28446695770986763,0.33797738035214675
CUST-1789,Jennifer Patel,41,48955.0,12,Two Year,105.19,1252.33,2,2021-09-16 00:00:00,Los Angeles,No,2,0,0,0,0,1,0,0,0,0,1,0,0,0.14144356823547138,0.5774652581064419,0.10317330855190095
CUST-1533,William Patel,18,101932.0,43,Month-to-Month,36.82,1585.14,3,2020-11-20 00:00:00,Los Angeles,No,0,0,1,0,0,1,0,0,1,1,0,0,0,0.5508216230000348,0.12177158662978638,0.1305918873762988
CUST-1627,James Anderson,29,81327.0,27,One Year,79.03,2134.39,5,2024-07-19 00:00:00,Toronto,Yes,1,1,1,0,0,0,1,0,1,0,0,1,0,0.39159715165541675,0.4031059419468791,0.17584189314325446
CUST-1911,Jessica Wilson,27,113820.0,62,Two Year,27.36,1696.32,4,2023-01-04 00:00:00,New York,No,2,0,1,0,0,1,0,0,1,0,1,0,0,0.6426857586634572,0.05871963208584663,0.139751460687487
CUST-2125,Patricia Johnson,38,56758.0,1,Month-to-Month,92.18,90.96,4,2021-10-24 00:00:00,Unknown,Yes,0,1,1,0,0,0,1,0,1,1,0,0,0,0.20174099846609767,0.4907521578298398,0.00749374697234827
CUST-1931,Margaret Johnson,35,50538.0,47,One Year,67.71,3177.81,2,2024-08-25 00:00:00,Unknown,No,1,0,0,0,1,0,0,0,1,0,1,0,0,0.1536761495574093,0.327656880061319,0.2618041344129074
CUST-1232,Nancy Iyer,42,87987.0,37,One Year,31.13,371.98,3,2022-10-14 00:00:00,Mumbai,No,1,0,0,0,0,1,0,0,1,0,0,0,0,0.4430620863389963,0.08384710234278667,0.03064560244914369
CUST-1552,Patricia Iyer,58,66640.0,37,Two Year,23.07,853.59,3,2023-11-28 00:00:00,New York,No,2,0,0,0,0,1,0,0,0,0,1,0,0,0.2781038339830846,0.030126303862432098,0.07032308133384742
CUST-2326,Pooja Johnson,29,80245.0,29,Month-to-Month,95.55,2779.18,5,2023-12-09 00:00:00,Bengaluru,No,0,0,0,0,0,1,0,0,0,0,1,0,0,0.38323603163625264,0.513213583497184,0.2289629695537694
CUST-1383,Daniel Sharma,18,119080.0,4,One Year,40.07,161.05,5,2024-08-31 06:00:00,Sydney,No,1,0,0,0,0,1,0,0,1,0,0,1,0,0.6833322386087467,0.14343319892025194,0.013268117303173803
CUST-1164,Linda Reddy,48,119300.0,59,Two Year,27.58,1629.45,3,2023-10-19 00:00:00,Berlin,No,2,0,1,0,0,0,0,0,0,0,1,0,0,0.6850322814961923,0.06018595661012429,0.1342423703176439
CUST-2443,Nancy Smith,32,115702.0,55,Two Year,85.87,4761.2,1,2022-09-15 00:00:00,London,No,2,0,1,0,0,0,1,1,0,0,0,0,1,0.6572288528187871,0.44869530442896666,0.39225184789736794
CUST-1998,Daniel Brown,40,74357.0,38,One Year,22.67,860.18,2,2023-07-12 00:00:00,Unknown,No,1,0,1,0,0,1,0,0,1,0,1,0,0,0.337736701994073,0.027460259272836345,0.07086599901796982
CUST-1821,Joseph Williams,51,128289.0,58,Two Year,52.61,3047.42,2,2020-09-03 00:00:00,Singapore,No,2,0,1,0,0,0,0,0,0,1,0,0,0,0.7544944883836843,0.22701369680407907,0.2510619436947402
CUST-2228,Matthew Garcia,21,107146.0,48,One Year,108.56,5210.88,5,2024-08-22 00:00:00,New York,No,1,0,0,0,0,1,0,0,0,0,0,1,0,0.5911126394324948,0.5999266837737862,0.429298771144131
CUST-1193,Lisa Garcia,20,79710.0,52,One Year,70.97,2596.77,3,2024-10-09 00:00:00,Bengaluru,No,1,0,0,0,0,0,1,0,1,0,0,0,0,0.37910183643269185,0.3493851434665245,0.21393510691935816
CUST-2107,Sarah Williams,34,101646.0,7,Two Year,110.21,770.09,5,2024-12-07 00:00:00,Sydney,No,2,0,1,0,0,0,0,0,0,0,0,1,0,0.5486115672463555,0.6109241177058686,0.06344392706613544
CUST-1064,Pooja Kumar,48,94733.0,16,One Year,39.0,625.04,4,2023-02-26 00:00:00,Singapore,Yes,1,1,1,0,0,1,0,0,1,1,0,0,0,0.49519158324221363,0.13630152964308329,0.051493971059768724
CUST-2141,Mark Iyer,35,95899.0,11,Two Year,82.38,907.9,3,2020-02-20 00:00:00,Delhi,No,2,0,1,0,0,1,0,0,0,0,1,0,0,0.5042018105456751,0.42543406538474354,0.07479741508569696
CUST-1904,Jennifer Garcia,41,99835.0,37,Month-to-Month,43.85,915.58,3,2021-05-24 00:00:00,Phoenix,No,0,0,1,0,0,1,0,0,1,1,0,0,0,0.5346171232956104,0.1686273202919319,0.07543013250816435
CUST-2091,Jennifer Anderson,61,96488.0,51,One Year,83.67,4276.2,4,2024-01-23 00:00:00,Phoenix,Yes,1,1,0,0,0,0,0,0,0,0,1,0,0,0.5087532890034271,0.4340320591861899,0.3522950835879032
CUST-1615,Karen Sharma,30,87396.0,21,Two Year,85.48,1794.14,4,2021-03-09 00:00:00,Chennai,No,2,0,1,0,0,1,0,0,0,0,0,0,0,0.43849515294590385,0.4460959109541108,0.14781036931584132
CUST-1479,Arjun Anderson,31,66652.0,70,One Year,93.71,6550.16,1,2019-03-02 09:00:00,Bengaluru,No,1,0,0,0,0,0,0,0,0,0,0,1,0,0.27819656359512707,0.5009497783850435,0.5396354624933679
CUST-1618,Michael Brown,29,69711.0,24,Month-to-Month,70.97,1209.02,5,2023-01-02 00:00:00,Toronto,No,0,0,1,0,0,0,1,0,0,0,1,0,0,0.30183488719829066,0.3493851434665245,0.09960521069160627
CUST-2248,Nancy Anderson,38,87396.0,6,Two Year,42.72,256.66,2,2023-10-26 00:00:00,Mumbai,No,2,0,0,0,0,1,0,0,0,1,0,0,0,0.43849515294590385,0.16109574432632384,0.021144954902406633
CUST-1219,Jennifer Verma,32,87396.0,70,One Year,117.44,8220.8,1,2020-10-08 00:00:00,Unknown,No,1,0,0,0,0,1,0,0,1,1,0,0,0,0.43849515294590385,0.659112873662812,0.6772712742994795
CUST-1514,Aditya Martinez,56,104096.0,49,One Year,79.99,3917.72,3,2022-07-28 00:00:00,Mumbai,No,1,0,0,1,0,1,0,0,0,0,0,0,0,0.567543863038363,0.4095044489619089,0.3227616797329405
CUST-2252,Arjun Miller,55,154078.0,15,One Year,86.52,1303.0,5,2021-08-15 00:00:00,Mumbai,No,1,0,0,0,0,1,0,0,0,0,0,1,0,0.953778152130656,0.45302762688705966,0.10734776060872687
CUST-1974,Anthony Johnson,22,129515.0,0,Two Year,168.585,5990.81,2,2021-10-14 00:00:00,Chicago,No,2,0,0,1,0,0,1,0,0,0,1,0,0,0.7639683637473582,1.0,0.49355336740780287
CUST-2476,Arjun Martinez,57,116297.0,4,Month-to-Month,51.22,214.18,2,2021-04-10 00:00:00,Houston,No,0,0,1,0,0,0,1,0,0,1,0,0,0,0.6618266960825603,0.21774919185523378,0.017645236659383823
CUST-2044,Jessica Nair,55,160059.5,17,Two Year,70.97,1206.49,3,2020-11-09 00:00:00,Berlin,No,2,0,0,0,1,0,0,0,0,0,1,0,0,1.0,0.3493851434665245,0.09939677643654865
CUST-2278,David Smith,41,87890.0,37,Month-to-Month,48.11,245.0,3,2022-04-03 00:00:00,Mumbai,No,0,0,0,0,0,0,0,0,0,0,1,0,0,0.44231252197498616,0.19702069517112672,0.02018434485735847
CUST-2112,David Nair,41,141169.0,56,Month-to-Month,84.37,4724.71,5,2021-05-25 00:00:00,New York,No,0,0,1,0,0,0,0,0,1,0,0,1,0,0.8540242719759521,0.43869763721798255,0.3892456162898373
CUST-2117,Pooja Iyer,28,160059.5,43,Two Year,60.48,2601.82,1,2023-06-05 00:00:00,Los Angeles,No,2,0,0,0,0,0,0,0,1,0,0,1,0,1.0,0.2794681241043756,0.2143511515786629
CUST-1967,Jennifer Patel,37,160059.5,69,Month-to-Month,112.06,7740.31,3,2022-09-10 00:00:00,Hyderabad,No,0,0,0,0,1,0,1,0,0,0,0,0,0,1.0,0.6232545739327491,0.6376860667055524
CUST-1893,Robert Lopez,56,55951.0,60,Month-to-Month,21.53,1286.44,1,2021-08-22 00:00:00,London,Yes,0,1,1,0,0,1,0,0,1,0,0,1,0,0.1955049320562405,0.019862032192488423,0.10598346366653155
CUST-2342,Matthew Martinez,29,48573.0,41,Month-to-Month,92.29,3774.44,4,2022-01-05 00:00:00,Hyderabad,No,0,0,0,0,0,0,0,1,0,1,0,0,0,0.13849167558545228,0.4914853200919786,0.31095754532003306
CUST-1304,Arjun Sharma,71,107846.0,19,Month-to-Month,61.68,1163.71,4,2024-03-09 00:00:00,Mumbai,No,0,0,0,0,0,1,0,0,0,0,1,0,0,0.5965218668016398,0.2874662578731629,0.09587234266921071
CUST-1665,Vikram Patel,30,87396.0,56,One Year,90.76,5073.67,5,2020-05-01 12:00:00,Chennai,Yes,1,1,1,0,0,0,1,0,1,1,0,0,0,0.43849515294590385,0.4812876995367748,0.4179947141731998
CUST-1650,Sandra Kumar,41,70603.0,21,Month-to-Month,114.11,2404.0,1,2022-06-25 00:00:00,Delhi,No,0,0,1,0,0,1,0,0,1,0,0,0,0,0.30872778836011544,0.6369180524544273,0.19805373484526434
CUST-1483,John Iyer,18,160059.5,35,Two Year,80.61,2822.73,3,2022-05-09 00:00:00,Delhi,No,2,0,0,0,1,1,0,1,0,0,0,0,0,1.0,0.41363681807578234,0.2325508398335162
CUST-2207,Lisa Lopez,25,117775.0,17,Month-to-Month,73.59,1255.68,2,2022-12-09 00:00:00,Unknown,No,0,0,1,0,0,0,0,0,0,0,0,1,0,0.6732478932991264,0.36684773552837674,0.10344929857341993
CUST-2395,Sandra Rodriguez,62,114201.0,16,Two Year,70.97,1135.52,1,2020-05-17 00:00:00,London,No,2,0,1,0,0,0,0,0,1,0,1,0,0,0.6456299238458061,0.3493851434665245,0.09354990723439872
CUST-1501,Mary Kumar,57,76648.0,6,One Year,63.39,370.95,4,2024-07-01 09:00:00,Los Angeles,Yes,1,1,1,0,0,0,1,0,0,0,1,0,0,0.35544033042651757,0.2988635984936848,0.03056074581566173
CUST-1589,Joseph Lopez,26,42082.0,60,Two Year,44.56,2675.66,4,2020-02-23 00:00:00,Hyderabad,No,2,0,1,0,0,1,0,0,1,0,1,0,0,0.08833268293813776,0.17335954943846438,0.22043446596342758
CUST-1292,David Hernandez,41,93279.0,70,Two Year,31.59,2213.93,4,2022-11-02 00:00:00,London,No,2,0,0,0,1,1,0,0,1,0,0,1,0,0.48395584524973245,0.0869130536208218,0.18239480249000667
CUST-2027,Richard Iyer,45,57703.0,44,Two Year,29.67,1305.48,1,2024-02-06 00:00:00,Houston,No,2,0,0,0,0,1,0,0,0,0,1,0,0,0.2090434554144434,0.07411603959076217,0.10755207560973198
CUST-1278,Arjun Garcia,40,70237.0,35,Two Year,97.58,3424.86,1,2024-07-24 00:00:00,Chicago,Yes,2,1,0,0,0,1,0,0,1,1,0,0,0,0.30589953519281965,0.5267437597893825,0.28215736868641933
CUST-2205,John Hernandez,48,87396.0,55,Two Year,99.37,5469.23,3,2021-07-27 00:00:00,London,No,2,0,1,0,0,1,0,0,0,0,0,1,0,0.43849515294590385,0.5386743093278236,0.45058295683351285
CUST-1888,James Verma,40,85967.0,51,One Year,70.18,3585.57,3,2022-01-19 00:00:00,Houston,Yes,1,1,1,0,0,1,0,0,0,0,1,0,0,0.42745260164517784,0.34411970540207293,0.29539747506203595
CUST-1237,Richard Anderson,53,75960.0,18,Two Year,22.62,403.89,1,2021-08-08 00:00:00,Berlin,No,2,0,1,0,0,1,0,1,0,0,0,1,0,0.35012383266941505,0.02712700369913687,0.033274510385463314
CUST-2373,Sandra Nair,47,59956.0,2,Two Year,98.32,190.69,4,2024-10-31 03:00:00,Chennai,No,2,0,1,0,0,0,1,0,1,0,1,0,0,0.2264534400754201,0.5316759422801346,0.015710011105508924
CUST-2023,Joseph Jones,41,71525.0,14,One Year,24.19,329.83,5,2024-09-09 00:00:00,Delhi,No,1,0,0,0,0,0,0,0,0,0,1,0,0,0.3158525135520464,0.037591228713300236,0.027173071282867525
CUST-2494,William Nair,49,81127.0,21,Two Year,105.42,2208.48,1,2024-07-05 00:00:00,Toronto,Yes,2,1,0,0,0,1,0,0,0,1,0,0,0,0.3900516581213753,0.5789982337454594,0.18194580379828176
CUST-2356,Nancy Jones,35,98754.0,48,Two Year,48.9,2347.2,3,2024-05-02 00:00:00,Phoenix,No,2,0,0,0,0,1,0,0,1,0,0,1,0,0.5262637307441165,0.20228613323557837,0.19337426224159918
CUST-2074,Pooja Davis,34,71878.0,50,Month-to-Month,22.55,1129.6,2,2024-01-08 00:00:00,Toronto,Yes,0,1,0,0,0,0,0,0,0,0,0,1,0,0.3185803096396295,0.02666044589595761,0.09306218755458011
CUST-1209,Patricia Iyer,53,62305.0,23,Two Year,96.64,2227.77,3,2024-03-12 00:00:00,Hyderabad,No,2,0,0,0,0,1,0,0,0,0,1,0,0,0.24460526163273663,0.5204785550038324,0.1835350120117448
CUST-1773,James Sharma,57,87396.0,40,Two Year,110.2,4408.0,2,2022-11-25 00:00:00,Hyderabad,No,2,0,0,0,0,0,1,0,0,0,0,1,0,0.43849515294590385,0.6108574665911288,0.36315343727035154
CUST-1616,Sarah Nair,19,131440.0,37,Two Year,66.96,327.31,4,2024-03-04 00:00:00,London,No,2,0,1,0,0,1,0,0,1,0,0,0,0,0.7788437390125069,0.32265804645582696,0.02696546087862041
CUST-2190,Matthew Sharma,31,55252.0,55,Month-to-Month,115.23,6337.650000000001,2,2022-11-16 00:00:00,Phoenix,No,0,0,0,0,0,1,0,0,0,0,0,0,0,0.19010343215476572,0.6443829773052955,0.5221278089193384
CUST-1059,Patricia Gupta,36,75127.0,38,Month-to-Month,64.11,2433.65,1,2024-08-17 00:00:00,Chennai,No,0,0,1,0,0,0,1,0,0,0,1,0,0,0.3436868521001325,0.3036624787549572,0.20049645249840997
CUST-1343,Mark Rodriguez,60,117287.0,37,Two Year,88.89,1961.51,3,2022-04-15 00:00:00,Hyderabad,Yes,2,1,1,0,0,0,0,0,0,0,1,0,0,0.6694768890760653,0.4688239410804146,0.16159916033125393
CUST-1454,Michael Kumar,39,58765.0,46,Two Year,104.49,4811.72,1,2024-08-03 00:00:00,Unknown,No,2,0,1,0,0,0,0,1,0,0,0,0,0,0.21725002608020338,0.5727996800746492,0.39641394219203635
CUST-1844,John Jones,18,84487.0,62,Month-to-Month,56.45,3499.52,2,2020-02-05 00:00:00,Unknown,No,0,0,1,0,0,1,0,0,1,0,0,0,1,0.4160159494932713,0.2526077248641984,0.28830823883764534
CUST-2231,Arjun Rodriguez,36,87396.0,41,Two Year,111.64,4577.24,1,2021-04-01 00:00:00,Houston,No,2,0,0,0,0,1,0,1,0,0,0,1,0,0.43849515294590385,0.6204552271136735,0.37709628838732845
CUST-2055,Jessica Rodriguez,61,120356.0,69,One Year,105.73,7284.84,5,2021-09-05 00:00:00,Berlin,Yes,1,1,0,1,0,0,0,0,0,0,1,0,0,0.693192487355931,0.5810644183023962,0.6001621338395072
CUST-2282,Robert Iyer,61,45674.0,2,Two Year,19.33,41.23,3,2021-01-08 00:00:00,Singapore,No,2,0,1,0,0,1,0,0,0,1,0,0,0,0.11608974680952179,0.005198786949711718,0.0033967368917097534
CUST-1381,Jessica Patel,43,98483.0,57,One Year,20.58,1179.82,5,2023-11-19 00:00:00,Toronto,No,1,0,0,0,1,0,0,0,1,0,1,0,0,0.5241695870054903,0.013530176292198472,0.09719956632493335
CUST-2461,Sandra Anderson,19,87396.0,61,Month-to-Month,104.74,6386.12,4,2020-12-23 00:00:00,Mumbai,Yes,0,1,0,1,0,1,0,1,0,1,0,0,0,0.43849515294590385,0.5744659579431466,0.5261210137978534
CUST-2281,Richard Nair,55,45716.0,70,Two Year,62.02,4341.400000000001,4,2023-05-15 00:00:00,Chicago,Yes,2,1,0,0,0,0,1,0,1,0,0,1,0,0.11641430045167049,0.2897323957743193,0.3576665908723921
CUST-2193,William Garcia,20,115302.0,61,Two Year,29.01,1779.29,2,2020-04-04 00:00:00,Hyderabad,Yes,2,1,0,0,1,0,0,1,0,0,1,0,0,0.6541378657507042,0.06971706601792915,0.14658695086224224
CUST-1868,Karen Jones,35,87396.0,13,Month-to-Month,115.17,1498.67,3,2021-12-08 00:00:00,Sydney,No,0,0,0,0,0,1,0,0,1,0,1,0,0,0.43849515294590385,0.6439830706168561,0.12346804941786702
CUST-1746,Sandra Singh,28,93800.0,12,Month-to-Month,86.1,1023.37,2,2020-09-19 00:00:00,Chicago,No,0,0,0,0,0,0,0,0,0,0,1,0,0,0.48798185590591037,0.45022828006798415,0.08431042039459158
CUST-2312,Sneha Sharma,64,110201.0,27,Two Year,108.08,2923.54,4,2022-07-26 00:00:00,Hyderabad,No,2,0,1,0,0,1,0,0,0,0,1,0,0,0.6147200531649776,0.5967274302662712,0.24085607985421134
CUST-1197,Mary Hernandez,43,160059.5,64,One Year,62.21,3988.39,5,2023-04-20 00:00:00,Singapore,Yes,1,1,0,0,0,0,1,0,1,0,1,0,0,1.0,0.2909987669543773,0.3285838334107753
CUST-2191,James Nair,41,88147.0,9,One Year,70.97,446.59,5,2022-06-23 00:00:00,Delhi,No,1,0,0,0,0,0,0,0,1,0,1,0,0,0.44429848116622944,0.3493851434665245,0.03679235334631722
CUST-1082,Karen Miller,44,63794.0,50,Two Year,116.51,5834.18,1,2020-10-31 03:00:00,Berlin,No,2,0,0,0,0,0,1,0,1,0,0,0,0,0.25611146099367504,0.6529143199920019,0.480649392162872
CUST-2451,John Martinez,70,118815.0,24,One Year,89.33,2149.54,2,2022-01-08 00:00:00,Singapore,No,1,0,1,0,0,0,1,0,1,0,1,0,0,0.6812844596761418,0.4717565901289699,0.17709002712116867
CUST-1669,Jessica Iyer,53,83007.0,59,Two Year,104.46,6169.63,2,2023-06-27 00:00:00,London,No,2,0,0,0,1,0,1,0,0,0,0,1,0,0.4045792973413648,0.5725997267304296,0.508285467601243
CUST-2394,Richard Nair,35,54063.0,42,Two Year,97.77,4112.72,1,2021-01-12 00:00:00,Bengaluru,No,2,0,0,0,1,1,0,0,1,1,0,0,0,0.18091547309488945,0.5280101309694405,0.3388267705377769
CUST-1112,Sneha Wilson,18,58991.0,14,Two Year,57.06,807.16,2,2023-10-23 00:00:00,Singapore,No,2,0,0,0,0,1,0,1,0,0,0,0,0,0.2189964337736702,0.25667344286333194,0.06649794202067535
CUST-2320,Thomas Anderson,38,76078.0,68,Month-to-Month,82.12,5584.16,2,2023-04-22 00:00:00,Unknown,No,0,0,0,0,0,0,1,0,0,0,1,0,0,0.3510356738544995,0.42370113640150636,0.4600514741986403
CUST-1830,Sandra Smith,41,80758.0,4,One Year,70.97,193.09,4,2020-05-19 00:00:00,Delhi,No,1,0,1,0,0,1,0,0,1,0,1,0,0,0.3872002225510689,0.3493851434665245,0.015907735300029986
CUST-2310,Rohit Williams,30,116523.0,32,One Year,80.5,2580.7,1,2022-11-11 00:00:00,Mumbai,Yes,1,1,0,1,0,0,0,1,0,0,0,0,0,0.6635731037760271,0.4129036558136435,0.21261117866687754
CUST-2000,Betty Reddy,40,80200.0,21,Two Year,33.75,708.87,1,2024-03-15 00:00:00,Los Angeles,No,2,0,1,0,0,1,0,0,1,0,1,0,0,0.38288829559109333,0.10130969440463891,0.05840031240422734
CUST-2309,Patricia Davis,58,107522.0,7,Two Year,89.21,626.5,3,2021-06-21 00:00:00,Chicago,No,2,0,0,0,0,0,0,1,0,1,0,0,0,0.5940181672764927,0.4709567767520912,0.05161425327810237
CUST-2313,Pooja Martinez,41,155394.0,57,One Year,20.02,1137.94,1,2024-10-18 00:00:00,London,No,1,0,0,0,0,0,1,0,0,0,0,0,0,0.9639474995846486,0.009797713866764415,0.0937492791305408
CUST-1693,John Reddy,56,80457.0,39,Two Year,59.8,2338.4,4,2022-03-01 00:00:00,Chennai,No,2,0,0,0,0,0,0,1,0,0,0,1,0,0.38487425478233656,0.27493584830206286,0.19264927352835529
CUST-1311,Aditya Hernandez,18,53772.0,62,Two Year,111.47,6911.65,3,2020-12-06 00:00:00,Delhi,No,2,0,1,0,0,1,0,0,0,0,0,0,0,0.17866678000285915,0.6193221581630953,0.5694168454422924
CUST-1630,Barbara Brown,58,104566.0,53,Two Year,168.585,12138.12,1,2021-02-13 00:00:00,Sydney,No,2,0,0,0,1,1,0,0,0,0,0,0,0,0.5711757728433604,1.0,1.0
CUST-1430,Charles Jones,53,54831.0,37,Two Year,97.12,2324.4,1,2020-02-09 00:00:00,Los Angeles,No,2,0,0,1,0,0,1,0,1,0,0,0,1,0.18685016826560852,0.5236778085113474,0.1914958823936491
CUST-1571,Robert Anderson,55,47922.0,33,One Year,95.12,3132.41,4,2021-03-01 00:00:00,Chicago,Yes,1,1,0,0,0,0,0,0,0,0,0,1,0,0.13346109413214743,0.5103475855633686,0.25806385173321733
CUST-1890,Anthony Rodriguez,31,74630.0,38,One Year,111.45,4236.06,3,2024-12-18 00:00:00,New York,No,1,0,0,1,0,0,0,1,0,1,0,0,0,0.33984630066803956,0.6191888559336155,0.34898814643453846
CUST-2327,Neha Gonzalez,51,59566.0,60,Month-to-Month,48.28,2895.89,4,2022-11-11 00:00:00,Delhi,No,0,0,0,0,0,0,1,0,0,0,0,0,0,0.2234397276840393,0.19815376412170493,0.2385781323631666
CUST-1959,John Singh,55,117988.0,72,One Year,82.83,5971.31,4,2024-01-12 00:00:00,Toronto,No,1,0,0,0,0,0,1,0,1,0,0,0,0,0.6748938439128805,0.4284333655480388,0.4919468583273192
CUST-1672,Robert Miller,57,87396.0,34,One Year,89.61,2995.09,5,2024-09-13 00:00:00,Phoenix,Yes,1,1,1,0,0,0,0,0,0,0,1,0,0,0.43849515294590385,0.473622821341687,0.24675073240337053
CUST-2392,Linda Lopez,18,91146.0,56,One Year,104.56,5859.13,3,2023-05-18 00:00:00,Mumbai,No,1,0,0,0,0,0,1,0,0,0,0,0,0,0.4674731567091806,0.5732662378778286,0.48270489993508053
CUST-2380,Thomas Smith,25,75074.0,46,Two Year,36.67,1686.8200000000002,3,2023-12-07 00:00:00,Houston,No,2,0,0,0,0,0,0,0,0,0,0,0,0,0.34327729631361154,0.12077181990868799,0.13896880241750784
CUST-1900,Pooja Gupta,41,114231.0,42,Month-to-Month,70.97,2094.9,4,2021-09-08 00:00:00,Chennai,No,0,0,1,0,0,0,0,0,0,0,1,0,0,0.6458617478759123,0.3493851434665245,0.1725885062925725
CUST-1486,Lisa Miller,41,97923.0,23,Month-to-Month,113.8,2617.4,3,2024-05-28 00:00:00,Sydney,No,0,0,0,0,0,0,0,1,0,0,0,0,0,0.5198422051101743,0.6348518678974906,0.21563471114142882
CUST-1539,Anthony Gupta,53,76941.0,2,Month-to-Month,98.16,186.45,5,2023-06-28 00:00:00,Chicago,No,0,0,0,0,0,1,0,0,1,0,1,0,0,0.35770447845388825,0.5306095244442963,0.015360698361855047
CUST-1482,Mark Williams,73,51674.0,24,Month-to-Month,26.32,636.07,5,2024-07-17 00:00:00,Singapore,No,0,0,0,1,0,0,0,0,0,0,0,0,0,0.1624545528307646,0.051787916152897656,0.052402678503755115
CUST-1907,Aarav Martinez,30,90199.0,32,Month-to-Month,70.97,1595.12,4,2022-12-05 00:00:00,Delhi,No,0,0,0,0,1,0,0,0,0,0,0,1,0,0.46015524482549447,0.3493851434665245,0.1314140904851822
CUST-1621,Matthew Rodriguez,49,85120.0,54,One Year,47.25,2551.5,5,2020-01-06 00:00:00,Phoenix,Yes,1,1,0,0,0,0,0,0,1,1,0,0,0,0.4209074365285124,0.19128869930349585,0.21020553430020464
CUST-1719,Charles Singh,46,158185.0,13,Two Year,64.03,834.97,3,2023-09-21 00:00:00,Unknown,No,2,0,1,0,0,1,0,0,0,0,1,0,0,0.9855148618521967,0.3031292698370381,0.06878907112468817
CUST-1723,Jessica Miller,39,80359.0,11,Two Year,41.19,461.32,1,2023-04-03 00:00:00,Chennai,Yes,2,1,0,0,0,1,0,0,0,1,0,0,0,0.3841169629506563,0.15089812377112005,0.03800588559019024
CUST-2421,Rohit Hernandez,62,107576.0,10,Two Year,59.2,584.76,1,2022-04-22 00:00:00,Chennai,No,2,0,0,1,0,0,1,0,0,0,0,1,0,0.5944354505306838,0.27093678141766925,0.048175499995056895
CUST-2317,Priya Martinez,36,39974.0,37,Month-to-Month,58.38,298.93,4,2020-02-07 00:00:00,Houston,No,0,0,0,1,0,0,1,1,0,0,1,0,0,0.07204318108934112,0.2654713900089979,0.024627372278408846
CUST-1255,Jennifer Martinez,18,141827.0,48,Month-to-Month,29.07,1385.94,4,2020-11-05 00:00:00,Delhi,No,0,0,0,1,0,1,0,0,0,0,1,0,0,0.8591089457029484,0.07011697270636852,0.1141807792310506
CUST-1323,Aditya Iyer,48,106001.0,41,Two Year,98.6,4037.22,3,2024-09-03 00:00:00,Chennai,Yes,2,1,0,0,0,0,1,0,1,0,1,0,0,0.5822646889501076,0.5335421734928517,0.3326066969184684
CUST-2129,David Nair,41,93292.0,56,Two Year,62.01,3468.83,3,2023-11-06 00:00:00,Mumbai,No,2,0,1,0,0,0,0,0,1,0,0,1,0,0.48405630232944513,0.2896657446595794,0.28577984070020723
CUST-1452,Margaret Anderson,36,97503.0,21,Month-to-Month,94.95,1993.95,3,2023-07-09 00:00:00,Berlin,No,0,0,0,0,0,0,0,0,0,0,0,1,0,0.5165966686886874,0.5092145166127904,0.16427173236053028
CUST-2440,David Lopez,67,160059.5,63,Month-to-Month,55.03,3463.84,1,2024-03-20 00:00:00,Chennai,No,0,0,1,0,0,0,0,1,0,0,1,0,0,1.0,0.24314326657113344,0.28536873914576555
CUST-2369,William Garcia,41,108092.0,37,Month-to-Month,106.97,1290.71,4,2022-04-20 00:00:00,Hyderabad,Yes,0,1,0,0,0,1,0,1,0,0,0,1,0,0.5984228238485108,0.589329156530143,0.10633524796261694
CUST-2180,Arjun Gupta,41,40399.0,43,Two Year,34.27,1468.13,2,2020-03-23 00:00:00,Hyderabad,No,2,0,0,0,0,1,0,0,1,0,0,0,0,0.07532735484917914,0.10477555237111343,0.1209520090425865
CUST-2134,Thomas Kumar,38,65255.0,63,Two Year,70.97,3152.47,3,2020-09-13 00:00:00,Berlin,No,2,0,0,0,0,1,0,0,1,0,0,0,0,0.2674012912598477,0.3493851434665245,0.2597164964590892
CUST-1906,Lisa Garcia,18,100331.0,28,Two Year,39.24,1091.75,1,2023-02-01 00:00:00,Hyderabad,Yes,2,1,1,0,0,0,1,0,0,1,0,0,0,0.5384499472600331,0.13790115639684075,0.08994391223682086
CUST-1491,Aarav Anderson,32,48134.0,5,Two Year,56.84,279.02,2,2020-08-22 00:00:00,Toronto,No,2,0,1,0,0,1,0,0,0,0,1,0,0,0.13509931727823132,0.2552071183390543,0.022987085314694528
CUST-1087,Jennifer Reddy,48,134415.0,17,Month-to-Month,92.22,1563.18,3,2023-02-18 00:00:00,Delhi,Yes,0,1,0,0,0,1,0,0,1,1,0,0,0,0.8018329553313731,0.4910187622887993,0.12878271099643107
CUST-2468,Sneha Sharma,41,87396.0,49,Month-to-Month,45.93,2253.01,4,2022-09-01 00:00:00,Houston,No,0,0,1,0,0,0,0,0,1,0,1,0,0,0.43849515294590385,0.18249075215782984,0.185614411457458
CUST-1366,Robert Kumar,41,96270.0,25,Two Year,106.77,2672.26,4,2024-01-05 00:00:00,New York,Yes,2,1,0,0,0,0,0,0,0,0,0,0,0,0.507068701051322,0.5879961342353451,0.2201543566878561
CUST-1266,Betty Smith,18,78624.0,68,One Year,106.91,7264.38,2,2022-02-11 00:00:00,Hyderabad,Yes,1,1,0,0,0,0,1,1,0,0,0,0,0,0.37070980654284685,0.5889292498417036,0.5984765350812152
CUST-1288,Arjun Miller,25,70719.0,41,Month-to-Month,50.22,2062.5,5,2020-01-07 00:00:00,Toronto,No,0,0,0,0,0,0,0,1,0,1,0,0,0,0.30962417460985947,0.21108408038124438,0.16991922966653814
CUST-1805,Aarav Iyer,40,93361.0,44,Two Year,24.98,1096.53,2,2022-04-22 00:00:00,Chennai,No,2,0,1,0,0,0,0,0,1,0,0,0,0,0.4845894975986894,0.04285666677775186,0.09033771292424196
CUST-1359,Lisa Gupta,35,87396.0,69,Two Year,70.93,4900.12,5,2022-09-09 00:00:00,Singapore,Yes,2,1,0,1,0,0,1,0,1,1,0,0,0,0.43849515294590385,0.34911853900756495,0.4036967833568954
CUST-1480,James Gonzalez,41,160059.5,47,Month-to-Month,87.35,4098.46,5,2023-08-25 00:00:00,Unknown,No,0,0,1,0,0,0,0,0,1,0,1,0,0,1.0,0.4585596694104709,0.33765195928199754
CUST-2186,Christopher Smith,34,160059.5,61,Two Year,82.74,5052.94,1,2023-09-14 00:00:00,Mumbai,Yes,2,1,0,0,0,0,0,0,0,1,0,0,0,1.0,0.42783350551537974,0.41628687144302406
CUST-1918,Sandra Singh,45,160059.5,9,Two Year,97.74,888.31,3,2023-05-09 00:00:00,Los Angeles,Yes,2,1,1,0,0,0,0,0,1,1,0,0,0,1.0,0.5278101776252208,0.07318349134791878
CUST-2325,Neha Iyer,75,91451.0,60,Month-to-Month,42.7,2557.72,3,2024-01-08 00:00:00,Chicago,No,0,0,1,0,0,0,0,0,1,0,0,0,0,0.4698300343485938,0.1609624420968441,0.21071796950433838
CUST-1860,Thomas Brown,41,70057.0,37,Two Year,96.85,2228.98,4,2023-02-06 00:00:00,Delhi,No,2,0,1,0,0,1,0,0,1,0,1,0,0,0.30450859101218236,0.5218782284133702,0.18363469795981585
CUST-1222,Lisa Martinez,41,147577.0,24,Two Year,25.27,606.48,4,2024-03-25 00:00:00,Sydney,No,2,0,1,0,0,0,0,0,0,0,0,0,1,0.9035418848066394,0.04478954910520878,0.04996490395547251
CUST-1114,Charles Miller,41,72908.0,72,Two Year,85.12,6126.39,3,2022-04-20 00:00:00,Delhi,No,2,0,0,0,0,0,1,1,0,0,0,0,0,0.3265396013399429,0.4436964708234746,0.5047231366966218
CUST-1619,Patricia Williams,43,159341.0,64,One Year,23.07,1484.17,5,2020-12-17 00:00:00,Phoenix,No,1,0,0,1,0,0,1,0,0,1,0,0,0,0.9944478144789561,0.030126303862432098,0.12227346574263559
CUST-1175,Neha Davis,19,132093.0,28,Two Year,32.66,918.41,2,2022-08-31 18:00:00,Los Angeles,Yes,2,1,1,0,0,1,0,0,1,0,1,0,0,0.7838897754011521,0.09404472289799044,0.0756632822875371
CUST-2405,Mary Verma,32,87396.0,64,One Year,67.36,4311.22,4,2020-10-05 00:00:00,Toronto,No,1,0,0,0,0,1,0,0,1,0,1,0,0,0.43849515294590385,0.32532409104542276,0.3551802091262897
CUST-1568,Lisa Smith,64,62286.0,8,Month-to-Month,35.85,288.43,2,2020-03-18 00:00:00,Sydney,No,0,0,0,0,0,0,1,0,1,0,1,0,0,0.2444584397470027,0.11530642850001667,0.023762328927379197
CUST-2203,Rohit Rodriguez,35,100487.0,24,Month-to-Month,37.07,881.03,3,2023-12-20 00:00:00,Chennai,No,0,0,0,0,0,0,0,0,0,0,1,0,0,0.5396554322165855,0.12343786449828373,0.07258372795787156
CUST-2241,Betty Jones,43,93734.0,24,Two Year,69.27,1666.21,3,2022-12-31 12:00:00,London,No,2,0,0,0,0,1,0,0,1,0,1,0,0,0.48747184303967667,0.3380544539607425,0.13727084589705818
CUST-1019,Mark Davis,51,87396.0,24,Month-to-Month,78.26,1879.36,2,2023-11-23 00:00:00,Los Angeles,Yes,0,1,0,0,0,1,0,0,0,0,0,0,0,0.43849515294590385,0.3979738061119073,0.15483122592296003
CUST-2038,Anthony Patel,54,117233.0,52,Two Year,100.35,5215.9,1,2024-11-24 00:00:00,Chicago,No,2,0,1,0,0,0,0,0,0,0,0,0,0,0.6690596058218742,0.5452061185723331,0.42971234425100424
CUST-1286,Sandra Gupta,58,160059.5,51,Two Year,118.39,6041.94,2,2022-10-02 00:00:00,New York,No,2,0,0,0,0,1,0,0,0,0,0,1,0,1.0,0.665444729563102,0.49776571660191193
CUST-1924,Anthony Nair,31,68872.0,46,One Year,32.52,1503.02,1,2021-04-23 00:00:00,Toronto,No,1,0,0,0,0,0,0,0,1,0,0,0,0,0.2953515418229869,0.09311160729163197,0.12382642452043643
CUST-2426,Robert Garcia,36,127939.0,58,Two Year,45.85,2652.69,4,2022-12-23 00:00:00,Phoenix,No,2,0,0,0,0,0,0,0,0,0,0,1,0,0.7517898746991117,0.1819575432399107,0.21854208065169894
CUST-1032,Arjun Smith,42,76701.0,30,Month-to-Month,70.97,1492.89,3,2022-07-01 21:00:00,Chicago,No,0,0,0,1,0,1,0,0,1,0,0,0,0,0.35584988621303854,0.3493851434665245,0.12299186364939546
CUST-1586,Thomas Jones,61,156255.0,48,Month-to-Month,109.74,5266.24,2,2020-10-01 00:00:00,London,No,0,0,1,0,0,1,0,0,0,0,0,1,0,0.9706008492486969,0.6077915153130936,0.4338596092310835
CUST-1215,Anthony Sharma,31,87396.0,46,One Year,70.97,3264.62,3,2022-01-25 00:00:00,Chicago,No,1,0,0,0,1,1,0,0,1,1,0,0,0,0.43849515294590385,0.3493851434665245,0.26895598329889636
CUST-1863,Joseph Kumar,49,56588.0,45,Month-to-Month,27.06,1217.7,3,2024-07-05 00:00:00,London,Yes,0,1,0,0,0,0,0,1,0,0,1,0,0,0.20042732896216245,0.056720098643649804,0.10032031319512412
CUST-1835,Aarav Sharma,41,87396.0,56,Two Year,42.19,2353.49,4,2023-02-28 00:00:00,Chicago,No,2,0,1,0,0,0,0,0,0,0,0,0,0,0.43849515294590385,0.15756323524510946,0.19389246440140645
CUST-2168,Rohit Kumar,50,75021.0,15,Two Year,67.13,997.37,3,2021-05-06 00:00:00,New York,No,2,0,0,0,0,0,0,0,1,0,0,1,0,0.34286774052709057,0.32379111540640515,0.08216840828728007
CUST-1416,Betty Davis,66,96767.0,25,One Year,25.74,638.34,3,2020-05-04 00:00:00,London,Yes,1,1,0,0,0,0,1,1,0,0,0,0,0,0.5109092524834149,0.04792215149798379,0.05258969263773962
CUST-2463,Betty Hernandez,49,82140.0,27,Two Year,118.65,3246.93,4,2023-12-28 00:00:00,Toronto,Yes,2,1,0,0,0,0,1,0,1,0,1,0,0,0.39787958287129516,0.6671776585463393,0.267498591215114
CUST-1189,Pooja Lopez,41,101219.0,21,Month-to-Month,74.51,1573.76,1,2020-01-03 00:00:00,Mumbai,No,0,0,0,0,0,0,0,0,0,0,0,1,0,0.5453119385511771,0.372979638084447,0.12965434515394475
CUST-1421,Sneha Johnson,35,87396.0,37,Two Year,19.39,93.34,2,2020-03-13 00:00:00,Singapore,Yes,2,1,1,0,0,0,0,0,1,0,0,1,0,0.43849515294590385,0.005598693638151097,0.007689823465248325
CUST-2126,Michael Sharma,49,80426.0,45,Month-to-Month,50.44,2268.22,4,2021-04-01 07:30:00,Chennai,No,0,0,1,0,0,1,0,0,0,0,0,1,0,0.3846347032845601,0.21255040490552202,0.1868674885402352
CUST-2329,Michael Martinez,45,128007.0,41,One Year,70.97,2909.77,1,2022-07-21 00:00:00,Singapore,No,1,0,1,0,0,0,0,0,1,0,0,1,0,0.7523153425006858,0.3493851434665245,0.23972163728814674
CUST-1148,Charles Smith,30,87396.0,69,Two Year,80.96,5590.14,5,2022-01-15 00:00:00,Unknown,No,2,0,1,0,0,1,0,0,1,0,0,1,0,0.43849515294590385,0.4159696070916786,0.460544136983322
CUST-1423,Robert Wilson,33,84599.0,36,Month-to-Month,110.66,3983.16,5,2024-11-26 00:00:00,Los Angeles,No,0,0,0,0,0,0,0,0,0,0,1,0,0,0.4168814258723345,0.6139234178691638,0.32815295943688144
CUST-1713,James Garcia,33,82633.0,59,Two Year,26.03,1530.03,2,2024-08-02 00:00:00,New York,No,2,0,0,0,0,0,1,0,0,0,1,0,0,0.40168922443270727,0.04985503382544074,0.1260516455596089
CUST-1049,Karen Garcia,45,96159.0,18,Two Year,55.48,999.67,4,2024-02-05 00:00:00,Delhi,Yes,2,1,0,0,0,1,0,0,1,0,0,0,1,0.506210952139929,0.24614256673442858,0.08235789397369608
CUST-2152,Thomas Rodriguez,41,83098.0,38,Month-to-Month,100.43,3821.22,4,2021-04-09 00:00:00,New York,Yes,0,1,1,0,0,1,0,0,0,0,1,0,0,0.4052824968993536,0.5457393274902523,0.31481151941157276
CUST-1156,David Gupta,54,88332.0,47,Two Year,56.49,2655.03,3,2022-09-14 00:00:00,Chennai,No,2,0,0,0,0,1,0,0,1,0,0,0,0,0.44572806268521775,0.2528743293231579,0.21873486174135698
CUST-2106,Mary Miller,41,154755.0,24,Month-to-Month,98.35,2364.88,5,2020-07-06 00:00:00,Phoenix,No,0,0,0,1,0,1,0,0,0,0,0,1,0,0.9590096477433863,0.5318758956243543,0.194830830474571
CUST-2178,Vikram Sharma,41,111429.0,57,Two Year,95.28,5435.09,5,2023-05-01 00:00:00,Bengaluru,No,2,0,0,0,0,1,0,0,1,0,0,0,0,0.6242093834639919,0.5114140033992068,0.4477703301664508
CUST-1782,Priya Wilson,40,94177.0,32,One Year,74.57,2386.24,3,2022-05-02 00:00:00,Chennai,No,1,0,0,1,0,1,0,0,0,0,0,1,0,0.49089511121757845,0.3733795447728863,0.19659057580580844
CUST-2088,Margaret Davis,27,49197.0,24,Month-to-Month,70.97,1194.7,4,2021-02-25 00:00:00,Hyderabad,No,0,0,0,0,0,1,0,0,1,0,0,0,0,0.14331361541166152,0.3493851434665245,0.09842545633096393
CUST-2150,David Jones,37,114372.0,56,Month-to-Month,90.03,5036.14,2,2022-10-21 00:00:00,Chicago,No,0,0,0,1,0,0,1,0,0,0,0,0,0,0.6469513208174116,0.47642216816076255,0.4149028020813767
CUST-2271,Thomas Garcia,18,87396.0,61,Month-to-Month,107.79,6575.1900000000005,1,2021-01-05 00:00:00,Los Angeles,No,0,0,0,0,0,1,0,0,1,0,0,1,0,0.43849515294590385,0.5947945479388144,0.5416975610720606
CUST-1940,Linda Gonzalez,25,57689.0,53,Two Year,109.43,5805.88,3,2020-01-07 00:00:00,Toronto,No,2,0,0,1,0,1,0,0,0,0,0,0,0,0.2089352708670605,0.605725330756157,0.47831789436914446
CUST-1814,Vikram Gupta,68,78300.0,3,One Year,83.47,254.21,3,2023-02-09 00:00:00,New York,No,1,0,1,0,0,0,1,0,0,0,0,0,1,0.3682061070176998,0.43269903689139205,0.020943111453833048
CUST-1180,Jennifer Smith,34,75517.0,18,Two Year,89.07,1603.2599999999998,3,2023-05-23 00:00:00,Sydney,No,2,0,0,0,0,0,0,1,0,0,1,0,0,0.3467005644915133,0.47002366114573263,0.1320847050449328
CUST-1984,Barbara Davis,32,43893.0,35,One Year,60.46,2107.22,1,2021-05-06 00:00:00,Toronto,No,1,0,0,0,0,1,0,0,0,0,0,0,0,0.10232712688888287,0.27933482187489583,0.17360349049111393
CUST-2289,Vikram Anderson,30,30955.0,7,Month-to-Month,70.64,497.65,4,2022-08-14 00:00:00,Delhi,No,0,0,0,0,0,1,0,0,1,0,0,0,0,0.002349150171742969,0.347185656680108,0.04099893558475282
CUST-1178,Elizabeth Miller,55,90486.0,35,Month-to-Month,48.13,1684.5500000000002,3,2024-03-26 00:00:00,Berlin,No,0,0,1,0,0,0,0,0,1,0,0,0,1,0.4623730280468439,0.19715399740060655,0.13878178828352333
CUST-1549,William Williams,41,87302.0,40,One Year,50.89,2037.11,3,2022-03-08 00:00:00,Los Angeles,No,1,0,0,0,1,0,1,0,1,0,1,0,0,0.4377687709849044,0.2155497050688173,0.1678274724586674
CUST-1870,Jessica Smith,62,64905.0,16,Two Year,31.66,514.42,2,2020-06-24 00:00:00,Delhi,No,2,0,0,0,0,0,0,0,0,0,1,0,0,0.2646966775752752,0.08737961142400107,0.042380533393968745
CUST-1364,Priya Davis,18,87396.0,69,Month-to-Month,25.92,1793.13,3,2022-10-18 00:00:00,Hyderabad,Yes,0,1,1,0,0,0,1,0,0,0,1,0,0,0.43849515294590385,0.0491218715633019,0.14772716038398037
CUST-1427,Matthew Miller,41,71290.0,13,Two Year,107.91,1398.42,4,2021-04-04 00:00:00,Delhi,No,2,0,1,0,0,0,0,0,0,0,1,0,0,0.31403655864954777,0.595594361315693,0.11520894504256013
CUST-2217,Nancy Rodriguez,44,131862.0,35,Two Year,26.87,944.67,2,2020-04-12 00:00:00,Berlin,No,2,0,0,1,0,0,0,0,1,0,0,0,0,0.7821047303693344,0.05545372746359183,0.07782671451592173
CUST-1609,Mary Smith,50,50562.0,37,One Year,60.72,2246.64,2,2023-04-15 00:00:00,Hyderabad,No,1,0,0,0,0,0,0,0,1,1,0,0,0,0.15386160878149427,0.2810677508581331,0.18508961849116665
CUST-1347,Lisa Lopez,28,42565.0,28,Month-to-Month,33.61,944.59,1,2023-02-12 00:00:00,Singapore,Yes,0,1,0,0,0,1,0,0,1,0,1,0,0,0.0920650498228478,0.1003765787982804,0.07782012370943771
CUST-2075,Anthony Nair,45,92150.0,51,Month-to-Month,27.23,1388.73,3,2020-09-01 00:00:00,Phoenix,No,0,0,0,0,0,1,0,0,1,0,0,1,0,0.4752315342500686,0.05785316759422801,0.11441063360718133
CUST-1915,Anthony Garcia,47,109397.0,46,Two Year,47.94,2214.86,2,2023-06-06 00:00:00,Los Angeles,No,2,0,1,0,0,0,0,0,0,0,0,0,0,0.6085071691581311,0.19588762622054853,0.1824714206153836
CUST-1590,Rohit Patel,49,89902.0,2,Two Year,49.92,103.67,5,2020-02-17 00:00:00,Bengaluru,Yes,2,1,0,0,0,0,1,0,0,0,0,1,0,0.45786018692744296,0.20908454693904757,0.008540861352499398
CUST-1899,Sandra Davis,49,160059.5,36,One Year,41.38,1483.25,5,2021-12-31 06:00:00,Bengaluru,No,1,0,0,1,0,0,1,0,1,0,0,0,0,1.0,0.15216449495117806,0.12219767146806919
CUST-2212,Margaret Iyer,33,83456.0,37,Two Year,90.63,3355.87,2,2023-08-26 00:00:00,Delhi,No,2,0,0,0,0,1,0,0,0,0,0,1,0,0.4080489303252878,0.4804212350451561,0.2764736219447492
CUST-1671,Anthony Brown,35,87396.0,37,Month-to-Month,70.97,147.32,1,2023-08-26 00:00:00,Mumbai,No,0,0,1,0,0,1,0,0,0,0,0,0,0,0.43849515294590385,0.3493851434665245,0.012136970140351222
CUST-1244,Barbara Martinez,20,126388.0,28,One Year,70.97,1400.46,5,2020-01-25 00:00:00,Houston,Yes,1,1,1,0,0,0,0,0,1,0,1,0,0,0.7398045723426204,0.3493851434665245,0.11537701060790304
CUST-1190,Nancy Garcia,41,160059.5,30,Month-to-Month,94.99,2849.7,3,2020-01-26 00:00:00,Delhi,Yes,0,1,0,0,0,0,1,0,0,0,1,0,0,1.0,0.5094811210717499,0.23477276546944664
CUST-1576,James Johnson,30,88051.0,42,Two Year,58.53,2463.17,2,2021-07-01 15:00:00,Unknown,No,2,0,0,1,0,0,0,0,1,0,0,0,0,0.44355664426988956,0.26647115673009636,0.20292846009101903
CUST-1655,Sandra Lopez,33,91588.0,37,One Year,47.94,246.59,1,2024-08-26 00:00:00,London,Yes,1,1,0,1,0,1,0,0,1,0,0,0,1,0.4708886974194122,0.19588762622054853,0.020315337136228673
CUST-1813,William Gupta,49,30651.0,49,Month-to-Month,99.3,4862.36,3,2023-06-23 00:00:00,Singapore,Yes,0,1,0,0,0,1,0,0,0,0,0,1,0,0.0,0.5382077515246443,0.4005859226964307
CUST-2035,William Reddy,35,146225.0,57,Two Year,21.0,1194.55,3,2024-02-24 00:00:00,Phoenix,No,2,0,0,1,0,0,0,1,0,0,0,0,0,0.8930943485165194,0.01632952311127403,0.09841309856880637
CUST-1737,Robert Sharma,43,72920.0,70,Month-to-Month,73.18,5131.64,2,2023-07-22 00:00:00,Sydney,Yes,0,1,0,1,0,0,0,0,0,0,0,1,0,0.3266323309519854,0.36411503982404114,0.422770577321694
CUST-1436,Sandra Hernandez,46,66714.0,42,One Year,96.52,4060.14,3,2024-05-26 00:00:00,Chicago,Yes,1,1,0,1,0,1,0,0,0,0,0,1,0,0.2786756665906799,0.5196787416269537,0.33449496297614456
CUST-2467,Ananya Smith,37,72024.0,29,One Year,83.23,2416.01,3,2020-12-05 00:00:00,Sydney,No,1,0,1,0,0,1,0,0,1,0,0,0,0,0.3197085199194798,0.4310994101376346,0.19904317966868015
CUST-2285,Aarav Miller,39,68745.0,6,Two Year,29.45,167.96,5,2024-08-13 00:00:00,London,No,2,0,1,0,0,1,0,0,1,0,0,0,0,0.2943701534288706,0.07264971506648447,0.013837398213232361
CUST-1309,Neha Singh,41,109527.0,3,One Year,59.06,171.77,2,2020-03-05 00:00:00,Chicago,Yes,1,1,0,0,0,0,0,0,0,0,0,0,1,0.609511739955258,0.27000366581131074,0.014151285372034549
CUST-1431,Barbara Davis,20,48567.0,8,Month-to-Month,31.76,260.77,2,2024-01-03 00:00:00,Phoenix,No,0,0,1,0,0,1,0,0,0,0,0,0,1,0.13844531077943104,0.08804612257140002,0.02148355758552395
CUST-1399,John Singh,49,91458.0,45,One Year,110.06,4944.4,1,2021-02-06 00:00:00,Sydney,Yes,1,1,1,0,0,1,0,0,0,0,1,0,0,0.46988412662228524,0.6099243509847703,0.40734479474580904
CUST-1424,Thomas Iyer,70,60978.0,25,Month-to-Month,59.76,1492.48,3,2024-09-11 00:00:00,Hyderabad,No,0,0,1,0,0,0,0,0,0,0,1,0,0,0.23435091203437178,0.27466924384310326,0.12295808576616477
CUST-1371,Robert Brown,31,100971.0,37,Month-to-Month,114.43,457.28,2,2021-11-03 00:00:00,Phoenix,Yes,0,1,1,0,0,0,1,0,1,0,1,0,0,0.5433955265689657,0.639050888126104,0.03767304986274645
CUST-1055,Patricia Singh,33,85610.0,69,Month-to-Month,99.07,6835.51,2,2023-06-16 00:00:00,Sydney,No,0,0,1,0,0,1,0,0,1,0,0,0,0,0.4246938956869139,0.5366747758856266,0.5631440453711118
CUST-1810,Mary Gupta,36,103618.0,35,One Year,113.15,3963.85,2,2024-10-14 00:00:00,Mumbai,No,1,0,1,0,0,0,0,0,0,0,0,1,0,0.563850133492004,0.6305195454393976,0.32656210352179743
CUST-1592,Jennifer Patel,22,117018.0,66,Two Year,64.4,4243.81,5,2021-09-24 00:00:00,Chicago,No,2,0,1,0,0,1,0,0,1,0,0,0,0,0.6673982002727796,0.30559536108241414,0.3496266308126794
CUST-2319,Sarah Sharma,35,41221.0,28,One Year,58.82,1652.38,3,2022-08-31 18:00:00,New York,Yes,1,1,0,0,0,1,0,0,1,0,0,1,0,0.08167933327408941,0.2684040390575532,0.13613146022613057
CUST-1313,Michael Miller,43,50846.0,68,Month-to-Month,54.24,3695.39,3,2024-05-04 00:00:00,Chennai,No,0,0,0,0,1,1,0,0,0,0,0,1,0,0.15605620959983307,0.23787782850668177,0.30444500466299557
CUST-2332,Richard Smith,41,129296.0,60,Two Year,53.43,3197.16,2,2023-05-12 00:00:00,Singapore,No,2,0,1,0,0,0,0,0,0,0,1,0,0,0.7622760483275828,0.23247908821275035,0.2633982857312335
CUST-2079,Richard Anderson,32,59342.0,65,Month-to-Month,70.97,4613.05,2,2020-09-27 00:00:00,Hyderabad,No,0,0,1,0,0,0,1,0,0,0,1,0,0,0.2217087749259129,0.3493851434665245,0.38004649813974484
CUST-2028,Neha Sharma,29,39566.0,21,One Year,101.65,2135.16,1,2024-11-21 00:00:00,Sydney,No,1,0,1,0,0,0,0,0,0,0,0,0,0,0.06889037427989661,0.5538707634885194,0.1759053296556633
CUST-1101,Susan Anderson,48,160059.5,48,One Year,66.79,3201.45,1,2024-07-22 00:00:00,New York,Yes,1,1,0,0,0,1,0,0,1,0,0,0,0,1.0,0.32152497750524883,0.26375171772893985
CUST-2280,Charles Brown,35,66930.0,26,One Year,168.585,12138.12,1,2020-07-08 00:00:00,New York,No,1,0,0,0,1,0,0,1,0,0,1,0,0,0.28034479960744463,1.0,1.0
CUST-1711,Patricia Williams,56,81759.0,37,One Year,23.27,868.97,1,2023-09-02 00:00:00,Chennai,Yes,1,1,1,0,0,0,1,0,0,0,0,0,0,0.39493541768894624,0.031459326157229975,0.07159016388040322
CUST-2422,Priya Anderson,21,69663.0,39,Month-to-Month,37.73,1474.83,1,2021-09-30 22:30:00,Berlin,No,0,0,0,1,0,0,0,1,0,0,0,0,0,0.3014639687501207,0.1278368380711167,0.12150398908562444
CUST-1267,Susan Smith,49,75695.0,60,Two Year,70.97,2995.97,4,2021-02-17 00:00:00,Los Angeles,No,2,0,1,0,0,1,0,0,1,0,0,0,1,0.34807605373681016,0.3493851434665245,0.24682323127469488
CUST-2458,Arjun Nair,67,54888.0,53,Month-to-Month,108.04,5719.88,1,2022-01-27 00:00:00,Houston,No,0,0,0,0,0,1,0,0,0,0,0,0,0,0.1872906339228103,0.5964608258073117,0.47123277739880637
CUST-1297,David Nair,18,87396.0,1,Two Year,70.97,50.55,3,2024-11-30 13:30:00,New York,No,2,0,0,0,0,0,1,0,0,0,1,0,0,0.43849515294590385,0.3493851434665245,0.00416456584709988
CUST-1562,Linda Garcia,40,80202.0,68,One Year,53.46,3638.43,3,2022-02-26 00:00:00,Bengaluru,Yes,1,1,0,0,0,0,1,1,0,1,0,0,0,0.3829037505264337,0.23267904155697003,0.29975235044636234
CUST-1462,Patricia Wilson,67,103319.0,68,Month-to-Month,105.24,7156.89,2,2024-08-16 00:00:00,Houston,No,0,0,0,1,0,0,1,0,1,0,1,0,0,0.5615396206586121,0.5777985136801413,0.5896209627191031
CUST-2005,Lisa Reddy,50,96809.0,40,One Year,118.42,4736.8,3,2024-05-22 00:00:00,Berlin,No,1,0,0,0,0,0,0,0,0,0,1,0,0,0.5112338061255636,0.6656446829073217,0.39024165191973714
CUST-2404,Pooja Hernandez,68,89833.0,8,Two Year,110.97,881.4,5,2024-12-10 00:00:00,Singapore,Yes,2,1,1,0,0,1,0,0,0,0,1,0,0,0.4573269916581986,0.6159896024261006,0.07261421043786022
CUST-2011,Patricia Kumar,47,87657.0,60,Month-to-Month,98.77,5931.37,4,2019-12-31 18:00:00,London,No,0,0,1,0,0,0,0,0,0,0,0,1,0,0.4405120220078279,0.5346752424434299,0.4886563981901645
CUST-1378,Michael Reddy,71,160059.5,54,Two Year,75.98,4111.72,2,2020-11-11 00:00:00,Sydney,No,2,0,1,0,0,0,0,0,0,0,1,0,0,1.0,0.38277735195121143,0.3387443854567264
CUST-1287,Susan Smith,51,87396.0,11,Two Year,108.03,1179.4,4,2023-09-23 00:00:00,Bengaluru,No,2,0,1,0,0,1,0,0,1,1,0,0,0,0.43849515294590385,0.5963941746925717,0.09716496459089216
CUST-2487,Sandra Iyer,51,73142.0,38,Two Year,58.74,2225.62,3,2023-12-12 00:00:00,Bengaluru,No,2,0,0,0,0,0,1,0,0,1,0,0,0,0.32834782877477137,0.2678708301396341,0.18335788408748635
CUST-2162,Nancy Singh,52,87395.0,41,Two Year,69.01,2835.09,1,2020-05-03 00:00:00,Toronto,No,2,0,0,0,0,0,1,0,0,0,0,1,0,0.43848742547823366,0.3363215249775053,0.2335691194352997
CUST-1127,Karen Reddy,49,103480.0,21,Two Year,80.06,1672.3,4,2020-02-09 00:00:00,New York,No,2,0,0,0,0,0,0,1,0,0,0,1,0,0.5627837429535154,0.4099710067650882,0.13777257104065538
CUST-1328,Joseph Kumar,18,113345.0,41,Two Year,50.33,2066.75,5,2023-04-22 00:00:00,Delhi,Yes,2,1,1,0,0,0,1,0,0,0,0,1,0,0.6390152115201088,0.2118172426433832,0.1702693662610025
CUST-1293,Arjun Brown,31,87396.0,27,Two Year,70.97,1341.53,2,2022-01-06 00:00:00,Singapore,No,2,0,0,1,0,1,0,0,0,0,0,0,0,0.43849515294590385,0.3493851434665245,0.11052205778160043
CUST-1583,Sandra Verma,59,76052.0,69,Month-to-Month,35.21,2435.61,2,2023-01-13 00:00:00,Berlin,No,0,0,1,0,0,1,0,0,1,0,1,0,0,0.3508347596950741,0.11104075715666345,0.20065792725726883
CUST-1808,Vikram Hernandez,18,122759.0,45,One Year,78.43,3526.59,5,2022-11-21 00:00:00,Chicago,No,1,0,1,0,0,0,0,0,0,0,0,0,0,0.7117615921674387,0.3991068750624855,0.2905384029816808
CUST-1523,James Smith,31,160059.5,37,Two Year,86.34,335.58,2,2024-11-05 00:00:00,Los Angeles,No,2,0,0,0,0,1,0,0,1,0,0,0,0,1.0,0.4518279068217416,0.02764678549890757
CUST-1356,Mark Sharma,41,74593.0,55,Two Year,76.63,4219.09,1,2020-05-31 22:30:00,Houston,No,2,0,0,0,0,0,0,1,0,0,1,0,0,0.3395603843642419,0.3871096744093045,0.3475900716091124
CUST-2245,Robert Smith,57,72249.0,9,Month-to-Month,60.97,557.94,3,2022-12-11 00:00:00,Los Angeles,No,0,0,0,0,0,0,0,0,1,0,1,0,0,0.3214472001452764,0.28273402872663045,0.045965932121284026
CUST-2261,Ananya Kumar,25,107200.0,42,One Year,70.97,2980.74,1,2023-06-19 00:00:00,Sydney,Yes,1,1,1,0,0,1,0,0,0,0,1,0,0,0.5915299226866859,0.3493851434665245,0.24556850649029666
CUST-1171,Sandra Gupta,41,86764.0,33,Month-to-Month,51.85,1711.05,2,2024-06-07 00:00:00,Hyderabad,No,0,0,0,1,0,0,1,0,1,0,1,0,0,0.43361139337833293,0.2219482120838471,0.14096499293136003
CUST-2489,Christopher Reddy,43,96976.0,37,One Year,73.78,1700.48,2,2024-02-20 00:00:00,Chicago,No,1,0,0,0,1,1,0,0,0,0,0,1,0,0.5125242932264882,0.36811410670843475,0.14009418262465687
CUST-2485,Patricia Singh,40,87396.0,14,One Year,104.24,1455.95,1,2020-02-11 00:00:00,Hyderabad,Yes,1,1,0,0,0,1,0,0,1,1,0,0,0,0.43849515294590385,0.5711334022061519,0.11994855875539209
CUST-1662,Elizabeth Singh,30,67648.0,59,Month-to-Month,103.89,6136.44,5,2023-03-25 00:00:00,Berlin,No,0,0,0,0,0,0,0,0,0,0,1,0,0,0.28589312139465334,0.5688006131902557,0.5055511067611788
CUST-1778,Neha Rodriguez,60,80883.0,72,Two Year,20.59,1479.28,5,2024-06-20 00:00:00,Delhi,Yes,2,1,0,0,0,0,0,0,1,1,0,0,0,0.3881661560098448,0.013596827406938376,0.12187060269629892
CUST-2311,Margaret Brown,47,116571.0,1,Month-to-Month,115.33,110.34,1,2020-10-06 00:00:00,Houston,No,0,0,0,0,0,0,0,0,0,0,0,1,0,0.663944022224197,0.6450494884526944,0.009090369843105852
CUST-1210,Margaret Williams,40,143072.0,60,One Year,71.1,4264.75,2,2024-10-07 00:00:00,Berlin,Yes,1,1,0,0,0,0,0,0,0,1,0,0,0,0.8687296429523563,0.3502516079581431,0.35135177440987564
CUST-1705,Sandra Iyer,22,42529.0,61,Two Year,36.3,2223.5,3,2019-12-01 07:30:00,Los Angeles,No,2,0,0,1,0,1,0,0,1,0,0,1,0,0.09178686098672034,0.11830572866331188,0.18318322771565942
CUST-1553,Susan Gonzalez,40,89933.0,45,Month-to-Month,90.76,4077.93,3,2021-04-05 00:00:00,Sydney,No,0,0,1,0,0,0,1,0,1,0,0,1,0,0.45809973842521934,0.4812876995367748,0.33596059356803193
CUST-1141,Charles Rodriguez,65,63412.0,37,Two Year,70.97,643.8,3,2020-02-17 00:00:00,Unknown,No,2,0,0,0,0,0,0,0,0,0,1,0,0,0.25315956834365594,0.3493851434665245,0.053039515180275026
CUST-2115,Mary Hernandez,59,98332.0,37,Two Year,35.58,1316.46,2,2021-11-30 19:30:00,Phoenix,Yes,2,1,1,0,0,1,0,0,1,0,1,0,0,0.5230027393872891,0.1135068484020395,0.10845666379966584
CUST-2036,Matthew Davis,47,61130.0,1,One Year,30.72,35.93,2,2020-05-04 00:00:00,Hyderabad,No,1,0,1,0,0,1,0,0,1,1,0,0,0,0.23552548712024327,0.08111440663845101,0.0029600959621424072
CUST-2226,Vikram Martinez,47,73605.0,4,Two Year,49.9,197.88,5,2021-12-08 00:00:00,Unknown,Yes,2,1,0,1,0,0,0,0,0,0,0,1,0,0.3319256463060773,0.20895124470956775,0.01630235983826161
CUST-2229,Linda Verma,41,123852.0,37,One Year,116.5,1389.35,5,2021-07-18 00:00:00,Phoenix,No,1,0,1,0,0,0,0,0,1,0,0,1,0,0.7202077143309752,0.652847668877262,0.1144617123574326
CUST-1728,Rohit Lopez,50,160059.5,37,Two Year,43.13,827.63,5,2024-07-13 00:00:00,Delhi,Yes,2,1,1,0,0,1,0,0,1,0,0,1,0,1.0,0.16382844003065952,0.06818436462977792
CUST-1706,Pooja Singh,42,102140.0,30,Two Year,59.37,1788.71,4,2023-10-05 00:00:00,Los Angeles,No,2,0,1,0,0,0,1,0,1,0,0,1,0,0.5524289362754379,0.2720698503682474,0.14736301832573742
CUST-1883,Arjun Rodriguez,54,52391.0,66,One Year,34.05,2253.21,4,2019-07-02 03:00:00,Singapore,No,1,0,0,0,0,0,0,0,0,1,0,0,0,0.16799514715030311,0.10330922784683572,0.18563088847366807
CUST-1947,Ananya Garcia,29,100962.0,49,One Year,48.5,2383.06,2,2020-11-27 00:00:00,Bengaluru,Yes,1,1,0,0,1,0,0,0,0,0,1,0,0,0.5433259793599339,0.1996200886459826,0.19632859124806806
CUST-1536,Neha Miller,35,100394.0,5,Two Year,115.97,571.29,5,2024-03-18 00:00:00,Houston,No,2,0,0,0,1,0,0,0,0,0,0,0,1,0.5389367777232562,0.6493151597960476,0.047065772953307425
CUST-1011,Barbara Wilson,61,78740.0,14,Month-to-Month,110.57,1554.39,3,2022-11-17 00:00:00,Hyderabad,No,0,0,1,0,0,1,0,0,1,1,0,0,0,0.3716061927925909,0.6133235578365048,0.1280585461339977
CUST-1765,Nancy Gonzalez,52,87396.0,15,One Year,42.61,631.28,1,2022-06-16 00:00:00,Hyderabad,No,1,0,0,0,0,0,0,1,0,0,0,1,0,0.43849515294590385,0.16036258206418502,0.052008053965523486
CUST-1283,Charles Gonzalez,21,64519.0,65,Month-to-Month,66.31,4300.9,2,2021-11-21 00:00:00,Hyderabad,No,0,0,1,0,0,0,0,1,0,0,0,0,1,0.2617138750545752,0.3183257239977339,0.35432999508984914
CUST-2024,Priya Reddy,61,66385.0,46,One Year,30.13,1379.84,1,2024-04-05 00:00:00,Phoenix,No,1,0,0,0,0,0,0,0,0,1,0,0,0,0.27613332972718174,0.07718199086879728,0.11367823023664289
CUST-2201,Matthew Verma,24,87944.0,37,Two Year,58.23,871.89,1,2020-09-04 00:00:00,Sydney,No,2,0,0,1,0,1,0,0,0,0,0,1,0,0.4427298052291774,0.26447162328789947,0.07183072831707052
CUST-1130,Joseph Hernandez,31,127151.0,44,Month-to-Month,76.01,3349.36,2,2021-04-27 00:00:00,Chicago,Yes,0,1,0,0,0,1,0,0,1,0,0,1,0,0.7457006301749886,0.3829773052954311,0.2759372950671109
CUST-1324,Jessica Wilson,19,53003.0,65,Two Year,106.36,6913.4,2,2020-07-01 00:00:00,Chicago,No,2,0,0,0,0,1,0,0,0,0,0,1,0,0.17272435736446987,0.5852634385310095,0.5695610193341307
CUST-1722,James Patel,46,116473.0,37,Month-to-Month,29.59,245.57,5,2020-07-06 00:00:00,Bengaluru,Yes,0,1,0,0,0,1,0,0,1,0,1,0,0,0.6631867303925167,0.073582830672843,0.02023130435355722
CUST-1527,Karen Williams,41,130300.0,0,Two Year,64.31,1419.78,5,2021-03-05 00:00:00,Chicago,Yes,2,1,0,1,0,1,0,0,0,0,1,0,0,0.7700344258684708,0.3049955010497551,0.11696869037379758
CUST-1597,Jessica Williams,22,82520.0,15,Month-to-Month,84.67,1278.27,4,2023-01-11 00:00:00,Hyderabad,No,0,0,0,0,0,1,0,0,0,0,1,0,0,0.4008160205859739,0.4406971706601793,0.10531037755434942
CUST-2393,Charles Johnson,47,66973.0,66,One Year,42.0,2760.98,3,2021-02-17 00:00:00,Hyderabad,No,1,0,0,0,0,0,1,0,0,0,1,0,0,0.28067708071726355,0.1562968640650515,0.22746356107865137
CUST-2418,Mary Gupta,18,57111.0,54,Two Year,100.59,5431.860000000001,3,2021-04-13 00:00:00,Phoenix,Yes,2,1,0,0,0,0,0,0,0,0,0,0,1,0.20446879455368078,0.5468057453260906,0.4475042263546579
CUST-2049,Elizabeth Garcia,42,61151.0,65,Two Year,29.17,1890.42,1,2023-04-21 00:00:00,Toronto,No,2,0,1,0,0,1,0,0,0,1,0,0,0,0.2356877639413176,0.07078348385376747,0.15574240491937796
CUST-1755,Mary Gupta,36,81443.0,34,Two Year,101.95,3457.87,3,2021-07-12 00:00:00,Phoenix,No,2,0,1,0,0,0,1,0,1,1,0,0,0,0.3924935379051608,0.5558702969307162,0.2848769002118944
CUST-1159,Mary Miller,30,87396.0,4,Two Year,57.55,237.49,4,2021-06-15 00:00:00,Hyderabad,No,2,0,0,1,0,0,0,0,0,0,0,0,0,0.43849515294590385,0.2599393474855867,0.019565632898669645
CUST-1611,Aditya Martinez,41,87396.0,31,Two Year,113.08,3500.49,1,2020-09-05 00:00:00,New York,No,2,0,0,0,0,0,0,0,1,0,0,0,1,0.43849515294590385,0.6300529876362182,0.28838815236626425
CUST-2006,Anthony Jones,48,64380.0,33,One Year,55.67,1829.13,3,2022-02-19 00:00:00,Mumbai,No,1,0,0,1,0,0,1,0,0,0,1,0,0,0.26063975704841646,0.24740893791448665,0.15069302330179632
CUST-2108,Lisa Johnson,21,79285.0,39,Month-to-Month,113.05,4399.36,3,2023-08-22 00:00:00,Bengaluru,No,0,0,0,0,0,1,0,0,1,0,0,0,0,0.37581766267285377,0.6298530342919986,0.3624416301700757
CUST-2491,William Singh,35,65694.0,63,Month-to-Month,50.63,3188.17,1,2022-05-18 00:00:00,Hyderabad,No,0,0,0,0,0,1,0,0,0,0,1,0,0,0.27079364956706864,0.21381677608558003,0.26265764385259
CUST-1545,Vikram Rodriguez,75,87396.0,54,Two Year,107.2,5787.15,1,2024-09-26 00:00:00,Phoenix,No,2,0,1,0,0,1,0,0,1,0,0,0,1,0.43849515294590385,0.5908621321691606,0.4767748218010696
CUST-1097,David Miller,44,160059.5,41,Two Year,51.19,2097.95,2,2021-10-19 00:00:00,Los Angeles,Yes,2,1,1,0,0,0,0,0,0,0,1,0,0,1.0,0.2175492385110141,0.17283978078977633
CUST-1620,James Iyer,67,121456.0,35,Two Year,18.85,651.57,1,2024-12-17 00:00:00,Singapore,No,2,0,1,0,0,0,0,0,1,0,0,0,0,0.7016927017931589,0.0019995334421968256,0.053679647260036975
CUST-1420,Margaret Smith,31,160059.5,37,Two Year,113.6,1476.94,3,2021-08-22 00:00:00,Phoenix,No,2,0,1,0,0,0,1,0,1,0,1,0,0,1.0,0.6335188456026927,0.1216778216066409
CUST-1679,Matthew Brown,47,75722.0,14,Month-to-Month,20.13,275.47,5,2022-08-10 00:00:00,London,No,0,0,0,0,0,0,0,0,1,0,0,1,0,0.34828469536390577,0.010530876128903245,0.02269461827696546
CUST-1478,John Brown,22,90601.0,34,Month-to-Month,85.39,2931.15,2,2020-11-07 00:00:00,Bengaluru,No,0,0,1,0,0,1,0,0,0,1,0,0,0,0.4632616868289177,0.44549605092145167,0.2414830303210052
CUST-1990,Priya Anderson,37,141943.0,22,Month-to-Month,55.43,1228.01,5,2023-03-02 09:00:00,Bengaluru,No,0,0,0,0,0,0,1,0,0,1,0,0,0,0.8600053319526925,0.24580931116072913,0.10116970338075418
CUST-2213,Nancy Lopez,18,52073.0,66,Two Year,94.92,6272.42,5,2023-06-08 00:00:00,Delhi,No,2,0,0,0,0,0,1,1,0,0,1,0,0,0.16553781243117724,0.5090145632685708,0.516753830082418
CUST-2466,Sneha Anderson,35,96035.0,21,One Year,71.65,1501.18,4,2024-11-28 00:00:00,Berlin,Yes,1,1,0,0,0,0,0,0,0,0,0,0,0,0.5052527461488233,0.35391741926883735,0.12367483597130363
CUST-1448,Arjun Nair,62,114567.0,28,One Year,94.75,2661.26,5,2022-02-13 00:00:00,Unknown,No,1,0,1,0,0,0,0,0,0,0,1,0,0,0.6484581770131019,0.5078814943179925,0.21924812079630124
CUST-1179,Ananya Sharma,50,136082.0,42,Month-to-Month,110.1,4622.56,1,2023-08-08 00:00:00,Toronto,Yes,0,1,0,0,0,0,1,0,1,1,0,0,0,0.8147146439376084,0.6101909554437298,0.3808299802605346
CUST-1391,Matthew Garcia,44,69715.0,6,One Year,91.17,547.02,3,2024-07-01 09:00:00,Phoenix,No,1,0,1,0,0,0,1,0,1,0,0,0,0,0.3018657970689715,0.48402039524111046,0.04506628703621318
CUST-1944,Patricia Hernandez,41,112005.0,20,Two Year,85.05,1719.05,3,2021-12-04 00:00:00,Toronto,No,2,0,1,0,0,1,0,0,0,0,1,0,0,0.6286604048420312,0.4432299130202953,0.1416240735797636
CUST-1681,Matthew Miller,51,160059.5,16,Two Year,60.32,957.77,3,2022-08-22 00:00:00,Mumbai,No,2,0,0,1,0,1,0,0,0,0,0,0,1,1.0,0.27840170626853733,0.07890595907768254
CUST-2284,Priya Brown,41,77568.0,36,Month-to-Month,43.29,1557.12,3,2023-08-14 00:00:00,Delhi,Yes,0,1,1,0,0,0,0,0,1,0,0,1,0,0.36254960068310815,0.16489485786649782,0.12828345740526537
CUST-2415,Arjun Martinez,49,72527.0,10,One Year,57.62,573.69,5,2024-03-01 15:00:00,Houston,Yes,1,1,1,0,0,1,0,1,0,0,0,0,0,0.32359543615759395,0.2604059052887659,0.047263497147828494
CUST-1850,Karen Smith,55,67245.0,1,Two Year,18.64,24.49,2,2020-01-07 00:00:00,Mumbai,Yes,2,1,1,0,0,0,1,0,1,0,0,0,1,0.2827789519235599,0.0005998600326590453,0.0020176106349253423
CUST-1811,Daniel Singh,42,160059.5,35,Two Year,94.02,3282.19,2,2023-07-28 00:00:00,Delhi,No,2,0,0,0,0,0,0,0,1,0,1,0,0,1.0,0.5030159629419803,0.27040348917295265
CUST-1922,Sarah Hernandez,55,98413.0,66,Month-to-Month,66.28,4381.66,3,2023-03-13 00:00:00,New York,No,0,0,1,0,0,1,0,0,0,0,0,1,0,0.5236286642685759,0.3181257706535142,0.3609834142354829
CUST-1837,Joseph Davis,55,156316.0,30,Month-to-Month,66.18,1988.07,1,2022-07-01 21:00:00,Chicago,No,0,0,1,0,0,1,0,0,1,1,0,0,0,0.9710722247765796,0.3174592595061153,0.16378730808395367
CUST-1695,Matthew Smith,40,103270.0,45,One Year,110.89,4994.86,3,2021-04-01 07:30:00,Chennai,No,1,0,1,0,0,0,0,0,0,0,0,1,0,0.5611609747427719,0.6154563935081815,0.41150194593561434
CUST-1295,Michael Reddy,65,70765.0,55,One Year,168.585,12138.12,3,2024-10-07 00:00:00,Hyderabad,Yes,1,1,1,0,0,0,0,0,1,0,0,0,0,0.309979638122689,1.0,1.0
CUST-1794,Jennifer Smith,23,62508.0,16,Month-to-Month,33.73,539.68,4,2024-10-25 00:00:00,Hyderabad,No,0,0,0,0,0,0,1,1,0,0,0,1,0,0.2461739375697887,0.1011763921751591,0.04446158054130293
CUST-1089,Robert Miller,24,160059.5,22,Two Year,56.87,1248.22,5,2021-10-11 00:00:00,Delhi,Yes,2,1,1,0,0,1,0,1,0,1,0,0,0,1.0,0.25540707168327387,0.10283470586878363
CUST-1042,Matthew Jones,41,78492.0,31,Two Year,41.96,1310.07,4,2022-07-17 00:00:00,Singapore,No,2,0,0,0,0,0,1,0,1,0,1,0,0,0.3696897808103795,0.1560302596060919,0.1079302231317535
CUST-1612,Elizabeth Jones,35,63604.0,19,Month-to-Month,87.55,1662.8,2,2023-06-01 16:30:00,Chennai,No,0,0,0,0,0,1,0,0,1,0,1,0,0,0.2546432421363357,0.4598926917052688,0.13698991277067618
CUST-2328,Vikram Gupta,55,105328.0,37,One Year,101.32,3749.66,4,2023-12-27 00:00:00,Sydney,No,1,0,1,0,0,0,1,1,0,1,0,0,0,0.5770641032080582,0.5516712767021028,0.3089160430116031
CUST-2434,John Miller,18,124735.0,62,One Year,41.93,2602.27,1,2024-03-03 00:00:00,Berlin,Yes,1,1,1,0,0,0,0,0,1,0,1,0,0,0.7270310682837681,0.15583030626187222,0.21438822486513562
CUST-1985,Aditya Smith,41,61060.0,41,Two Year,55.09,2268.3,2,2021-08-01 01:30:00,Berlin,No,2,0,1,0,0,1,0,0,0,0,1,0,0,0.23498456438332876,0.2435431732595728,0.18687407934671926
CUST-2165,John Johnson,42,87396.0,71,Two Year,35.11,2488.84,4,2021-02-16 00:00:00,Hyderabad,No,2,0,1,0,0,1,0,0,0,0,0,0,0,0.43849515294590385,0.1103742460092645,0.2050432851215839
CUST-1291,James Wilson,41,92690.0,56,Two Year,23.67,1324.1,4,2021-02-23 00:00:00,London,No,2,0,0,0,0,1,0,0,1,0,1,0,0,0.47940436679198045,0.03412537074682575,0.10908608581889122
CUST-2465,Aditya Nair,57,107010.0,37,Month-to-Month,116.32,4303.84,2,2022-09-23 00:00:00,Hyderabad,No,0,0,1,0,0,0,0,0,0,0,1,0,0,0.5900617038293466,0.6516479488119439,0.3545722072281375
CUST-1632,Sandra Singh,67,144002.0,7,Two Year,61.65,429.45,2,2024-09-08 00:00:00,Mumbai,No,2,0,1,0,0,1,0,0,0,0,0,0,0,0.875916187885649,0.2872663045289432,0.03538027305711263
CUST-1349,Sandra Lopez,38,160059.5,70,Month-to-Month,48.34,3383.8,1,2024-02-05 00:00:00,Bengaluru,No,0,0,1,0,0,1,0,0,0,0,0,1,0,1.0,0.19855367081014433,0.2787746372584881
CUST-1572,Thomas Reddy,35,160059.5,26,Month-to-Month,102.06,2660.37,2,2020-06-20 00:00:00,London,No,0,0,0,1,0,0,0,0,0,0,1,0,0,1.0,0.556603459192855,0.21917479807416632
CUST-1603,Neha Johnson,32,100885.0,20,One Year,70.97,1005.58,1,2024-07-06 00:00:00,New York,No,1,0,0,0,0,1,0,0,1,0,0,0,0,0.5427309643493279,0.3493851434665245,0.08284478980270421
CUST-2459,Neha Iyer,20,160059.5,38,One Year,68.42,2596.08,1,2021-06-16 00:00:00,Chennai,Yes,1,1,0,0,0,1,0,1,0,0,0,0,0,1.0,0.33238910920785153,0.21387826121343337
CUST-2037,David Jones,26,110509.0,4,Month-to-Month,115.73,453.05,4,2020-06-27 00:00:00,Toronto,No,0,0,0,1,0,0,1,1,0,0,0,0,0,0.6171001132074013,0.6477155330422902,0.03732456096990308
CUST-2151,Sarah Gupta,41,151543.0,71,Two Year,66.64,4727.65,1,2022-09-01 00:00:00,London,No,2,0,0,0,0,1,0,0,0,0,0,1,0,0.9341890215866809,0.3205252107841504,0.38948782842812557
CUST-1459,Jessica Patel,39,60862.0,37,Month-to-Month,27.46,403.33,3,2022-01-02 00:00:00,Sydney,No,0,0,0,0,0,0,0,0,0,0,1,0,0,0.23345452578462775,0.05938614323324558,0.03322837474007507
CUST-1376,Elizabeth Miller,20,86081.0,61,Two Year,79.66,4866.86,3,2020-11-15 00:00:00,Toronto,No,2,0,0,0,0,0,0,1,0,0,1,0,0,0.4283335329595815,0.4073049621754924,0.40095665556115767
CUST-1334,Aditya Brown,48,87396.0,63,One Year,70.97,4476.32,1,2022-12-19 00:00:00,Phoenix,No,1,0,0,0,0,0,0,0,1,0,1,0,0,0.43849515294590385,0.3493851434665245,0.3687819860077178
CUST-1989,James Patel,46,70155.0,22,One Year,71.02,1562.26,4,2024-03-04 00:00:00,London,No,1,0,0,0,1,0,1,0,1,1,0,0,0,0.30526588284386263,0.34971839904022395,0.12870691672186466
CUST-2367,Patricia Gupta,26,130039.0,37,One Year,115.08,1147.03,4,2020-07-02 00:00:00,Chennai,No,1,0,0,0,1,0,0,0,0,1,0,0,0,0.7680175568065467,0.643383210584197,0.09449815951728932
CUST-2132,Vikram Reddy,41,87396.0,3,Month-to-Month,21.84,57.77,5,2024-09-30 16:30:00,Los Angeles,Yes,0,1,0,1,0,0,1,0,1,0,0,0,0,0.43849515294590385,0.02192821674942513,0.004759386132284077
CUST-1753,Susan Wilson,32,77543.0,68,Two Year,96.01,6534.11,3,2019-05-02 06:00:00,Phoenix,No,2,0,0,0,0,1,0,0,1,1,0,0,0,0.362356413991353,0.5162795347752192,0.5383131819425083
CUST-2436,Mark Singh,60,55977.0,21,Month-to-Month,70.97,1490.37,3,2023-04-01 19:30:00,London,No,0,0,0,0,0,0,0,0,1,1,0,0,0,0.1957058462156659,0.3493851434665245,0.12278425324514833
CUST-1602,Jessica Patel,41,106064.0,36,One Year,74.44,2677.64,4,2022-03-06 00:00:00,Berlin,Yes,1,1,0,0,0,0,1,0,1,0,0,0,1,0.5827515194133307,0.37251308028126773,0.22059758842390748
CUST-1329,Jennifer Verma,42,87396.0,27,One Year,81.76,2204.49,4,2023-12-10 00:00:00,Houston,No,1,0,0,0,1,0,1,1,0,0,0,1,0,0.43849515294590385,0.4213016962708702,0.18161708732489049
CUST-1319,Nancy Rodriguez,18,119965.0,8,Two Year,47.31,379.18,2,2021-01-09 00:00:00,Los Angeles,Yes,2,1,0,0,0,0,0,0,1,0,0,1,0,0.6901710474968801,0.19168860599193524,0.031238775032706875
CUST-2192,Barbara Sharma,44,108687.0,10,Month-to-Month,168.585,4984.15,3,2023-10-09 00:00:00,Singapore,Yes,0,1,0,0,0,0,0,0,1,0,1,0,0,0.603020667112284,1.0,0.4106196017175641
CUST-2142,Pooja Gonzalez,40,62886.0,62,One Year,70.97,3102.9,4,2023-10-02 00:00:00,Mumbai,Yes,1,1,0,0,0,0,1,0,0,0,0,0,0,0.249094920349127,0.3493851434665245,0.25563266799141876
CUST-1013,Barbara Nair,24,97367.0,42,Two Year,108.84,4564.67,2,2022-04-26 00:00:00,Unknown,Yes,2,1,0,0,0,0,0,0,0,0,0,0,0,0.5155457330855392,0.6017929149865032,0.3760607079185244
CUST-1261,Vikram Verma,43,88407.0,16,Two Year,98.75,1572.58,3,2024-05-12 00:00:00,London,Yes,2,1,0,0,0,1,0,1,0,0,0,0,0,0.4463076227604833,0.5345419402139501,0.12955713075830522
CUST-1874,John Anderson,25,78660.0,30,Two Year,168.585,12138.12,5,2021-10-17 00:00:00,Toronto,No,2,0,1,0,0,0,1,0,1,1,0,0,0,0.3709879953789743,1.0,1.0
CUST-1916,Mark Miller,34,83353.0,41,One Year,34.77,1430.22,3,2023-01-15 00:00:00,Chicago,No,1,0,0,0,0,0,0,1,0,0,0,0,0,0.4072530011552564,0.10810810810810813,0.11782879061996421
CUST-1847,Jennifer Gupta,36,90140.0,65,Two Year,22.86,1478.2,4,2024-01-19 00:00:00,Bengaluru,Yes,2,1,0,0,1,0,0,0,0,0,1,0,0,0.45969932423295223,0.028726630452894315,0.12178162680876445
CUST-1139,David Iyer,50,84963.0,28,Two Year,70.97,1401.69,2,2022-02-08 00:00:00,Chennai,No,2,0,0,0,0,1,0,0,0,0,0,0,0,0.4196942241042899,0.3493851434665245,0.11547834425759508
CUST-1550,Thomas Iyer,18,94281.0,40,Month-to-Month,95.72,3838.02,5,2022-03-05 00:00:00,Toronto,No,0,0,0,0,0,0,1,0,0,0,0,1,0,0.49169876785528,0.5143466524477622,0.31619558877322024
CUST-1651,Nancy Patel,41,112418.0,66,One Year,88.41,5838.93,1,2023-11-13 00:00:00,Houston,No,1,0,1,0,0,1,0,0,1,0,0,0,0,0.6318518489898268,0.46562468757289965,0.48104072129786163
CUST-1901,Robert Johnson,41,68377.0,42,Month-to-Month,35.11,1466.04,5,2022-06-16 00:00:00,Chennai,No,0,0,1,0,0,1,0,0,0,0,1,0,0,0.29152644532623434,0.1103742460092645,0.12077982422319106
CUST-2349,Robert Reddy,41,56291.0,31,Month-to-Month,116.95,3616.44,5,2023-11-28 00:00:00,Phoenix,No,0,0,1,0,0,0,0,0,1,0,0,0,0,0.19813227106411094,0.6558469690405573,0.2979407025140631
CUST-1559,Ananya Sharma,73,52100.0,57,One Year,115.12,6561.34,3,2021-02-20 00:00:00,Mumbai,No,1,0,0,0,0,1,0,0,0,0,0,1,0,0.16574645405827285,0.6436498150431567,0.5405565276995119
CUST-1140,Elizabeth Singh,28,40317.0,57,One Year,43.63,2486.9100000000003,2,2024-06-11 00:00:00,Singapore,Yes,1,1,0,0,0,0,0,0,1,0,0,0,0,0.07469370250022217,0.16716099576765422,0.20488428191515656
CUST-2353,Arjun Smith,56,55711.0,6,Two Year,70.97,308.49,1,2024-11-27 00:00:00,Toronto,No,2,0,0,0,1,0,1,1,0,1,0,0,0,0.1936503398153908,0.3493851434665245,0.02541497365325108
CUST-1950,Arjun Rodriguez,54,160059.5,6,Two Year,41.47,244.1,3,2024-04-26 00:00:00,Delhi,Yes,2,1,0,1,0,0,1,0,1,0,1,0,0,1.0,0.1527643549838371,0.02011019828441307
CUST-1225,Jessica Nair,19,112551.0,71,Two Year,110.1,7817.099999999999,2,2022-10-14 00:00:00,Hyderabad,No,2,0,0,0,0,0,0,0,0,0,0,0,1,0.6328796021899643,0.6101909554437298,0.6440124170794158
CUST-2351,Barbara Reddy,45,124601.0,69,Two Year,54.88,3794.82,3,2019-04-01 19:30:00,Berlin,No,2,0,0,0,0,1,0,0,0,1,0,0,0,0.7259955876159603,0.242143499850035,0.3126365532718411
CUST-1410,David Gonzalez,74,84652.0,50,Month-to-Month,51.29,2556.88,2,2021-02-02 00:00:00,Berlin,No,0,0,0,1,0,0,1,0,0,0,0,0,0,0.4172909816588555,0.218215749658413,0.210648766036256
CUST-1326,Priya Hernandez,49,132466.0,41,Two Year,106.96,4383.97,3,2022-08-15 00:00:00,Berlin,Yes,2,1,0,0,0,0,1,0,1,0,0,0,1,0.7867721208421394,0.589262505415403,0.36117372377270945
CUST-1300,Rohit Hernandez,18,70199.0,47,Two Year,58.62,2755.14,2,2023-02-24 00:00:00,Unknown,No,2,0,0,0,0,1,0,0,0,1,0,0,0,0.30560589142135175,0.2670710167627553,0.22698243220531678
CUST-1942,Charles Sharma,18,66909.0,2,Two Year,27.0,51.74,5,2024-03-09 00:00:00,Hyderabad,No,2,0,1,0,0,0,0,0,0,0,1,0,0,0.2801825227863703,0.056320191955210444,0.004262604093549907
CUST-1783,James Martinez,40,56428.0,37,Month-to-Month,93.42,937.8,2,2021-11-30 19:30:00,Mumbai,No,0,0,1,0,0,0,0,0,0,0,0,1,0,0.1991909341349293,0.4990168960575866,0.07726072900910519
CUST-1712,Nancy Martinez,44,83433.0,37,Month-to-Month,168.585,12138.12,1,2021-03-26 00:00:00,Phoenix,No,0,0,0,1,0,1,0,0,1,0,0,1,0,0.407871198568873,1.0,1.0
CUST-2437,Neha Hernandez,18,87396.0,62,Month-to-Month,115.76,7171.45,4,2023-09-20 00:00:00,Hyderabad,No,0,0,0,0,0,0,0,0,0,1,0,0,0,0.43849515294590385,0.6479154863865099,0.5908204894991975
CUST-2007,Anthony Sharma,31,151654.0,37,Two Year,107.01,529.8,1,2021-11-06 00:00:00,Los Angeles,Yes,2,1,1,0,0,0,1,1,0,0,1,0,0,0.9350467704980739,0.5895957609891026,0.043647615940524555
CUST-2266,Susan Martinez,46,62534.0,70,One Year,168.585,12138.12,2,2024-10-18 00:00:00,Chicago,No,1,0,0,1,0,0,0,1,0,0,1,0,0,0.24637485172921408,1.0,1.0
CUST-1574,Elizabeth Reddy,52,86306.0,20,One Year,95.09,1900.43,2,2021-12-04 00:00:00,Singapore,Yes,1,1,0,0,0,0,0,0,0,1,0,0,0,0.4300722131853781,0.5101476322191489,0.15656707958069288
CUST-1504,Robert Hernandez,41,87396.0,64,Two Year,82.55,5277.17,1,2023-07-04 00:00:00,New York,Yes,2,1,0,0,0,0,0,0,1,0,0,0,0,0.43849515294590385,0.4265671343353218,0.4347600781669649
CUST-1606,Barbara Wilson,21,55429.0,39,One Year,113.54,4425.24,1,2022-09-19 00:00:00,Sydney,No,1,0,1,0,0,1,0,0,1,1,0,0,0,0.1914711939323924,0.6331189389142534,0.3645737560676612
CUST-1809,Karen Smith,44,128503.0,64,One Year,47.66,3054.51,4,2019-09-01 00:00:00,Bengaluru,Yes,1,1,0,0,0,0,1,0,0,0,0,0,0,0.7561481664651085,0.19402139500783147,0.2516460539193878
CUST-1004,Arjun Anderson,63,111400.0,35,Two Year,18.83,663.44,5,2024-04-05 00:00:00,Sydney,No,2,0,0,1,0,0,0,0,0,0,1,0,0,0.623985286901556,0.0018662312127170166,0.05465755817210573
CUST-1793,Anthony Lopez,18,70256.0,40,Month-to-Month,36.92,1469.63,1,2024-12-26 00:00:00,Los Angeles,No,0,0,0,0,0,0,1,0,1,0,1,0,0,0.3060463570785536,0.12243809777718534,0.12107558666416215
CUST-1468,Jessica Anderson,45,120690.0,67,One Year,70.97,3344.75,2,2023-01-02 00:00:00,New York,No,1,0,1,0,0,1,0,0,0,1,0,0,0,0.6957734615577802,0.3493851434665245,0.27555749984346833
CUST-1322,Arjun Lopez,66,101642.0,37,Month-to-Month,70.97,550.22,5,2020-11-24 00:00:00,London,Yes,0,1,0,0,0,0,0,0,0,1,0,0,0,0.5485806573756747,0.3493851434665245,0.0453299192955746
CUST-1006,Robert Singh,33,87396.0,63,Month-to-Month,42.86,2698.32,1,2020-01-13 00:00:00,Los Angeles,No,0,0,0,1,0,0,0,0,1,0,0,0,0,0.43849515294590385,0.16202885993268237,0.22230131190003063
CUST-1223,Neha Gupta,33,59472.0,12,Two Year,83.18,989.86,4,2024-01-04 00:00:00,New York,No,2,0,0,1,0,0,0,0,0,0,0,1,0,0.22271334572303983,0.43076615456393513,0.08154969632859124
CUST-1548,Lisa Gupta,36,101924.0,35,Two Year,98.45,3451.19,5,2023-05-13 00:00:00,Sydney,Yes,2,1,1,0,0,0,0,0,1,0,0,1,0,0.5507598032586731,0.5325424067717534,0.28432656787047744
CUST-1040,Christopher Nair,31,75916.0,0,Month-to-Month,79.63,794.05,3,2020-09-22 00:00:00,Singapore,No,0,0,1,0,0,0,0,0,0,0,0,0,0,0.34978382409192593,0.4071050088312727,0.06541787360810404
CUST-1543,Robert Wilson,28,86873.0,17,Month-to-Month,90.12,1539.09,1,2021-06-23 00:00:00,Sydney,Yes,0,1,0,0,0,1,0,1,0,0,1,0,0,0.43445368735438555,0.4770220281934216,0.12679805439392589
CUST-1243,Robert Brown,28,94401.0,0,One Year,37.99,0.0,1,2020-09-22 00:00:00,Chicago,Yes,1,1,1,0,0,1,0,0,1,0,0,1,0,0.49262606397570485,0.129569767054354,0.0
CUST-1137,Margaret Gonzalez,26,55062.0,67,Two Year,83.51,5590.55,3,2024-08-07 00:00:00,Hyderabad,No,2,0,0,0,0,1,0,0,1,0,0,0,0,0.18863521329742636,0.43296564135035165,0.46057791486655264
CUST-2227,Christopher Kumar,67,160059.5,4,Two Year,37.35,154.76,5,2022-08-11 00:00:00,Hyderabad,Yes,2,1,1,0,0,0,0,1,0,0,0,1,0,1.0,0.12530409571100076,0.012749915143366517
CUST-2264,Joseph Jones,37,82778.0,56,Two Year,107.37,6002.97,3,2022-06-09 00:00:00,Delhi,No,2,0,1,0,0,0,1,0,0,0,1,0,0,0.4028097072448873,0.5919952011197388,0.49455516999337623
CUST-2274,Susan Singh,29,78769.0,24,Month-to-Month,102.06,2458.21,3,2022-02-07 00:00:00,Chennai,No,0,0,1,0,0,0,1,0,0,1,0,0,0,0.37183028935502693,0.556603459192855,0.20251983008900884
CUST-2054,Susan Verma,40,64820.0,24,Two Year,56.29,1357.97,3,2023-09-27 00:00:00,Delhi,Yes,2,1,0,0,0,0,1,0,1,0,1,0,0,0.2640398428233076,0.25154130702836003,0.11187646851406972
CUST-2102,Joseph Johnson,59,106289.0,37,One Year,19.8,336.24,2,2023-06-11 00:00:00,Houston,No,1,0,0,1,0,0,0,0,0,0,1,0,0,0.5844901996391273,0.008331389342486754,0.027701159652400865
CUST-1799,Patricia Reddy,68,72701.0,67,Two Year,51.76,3460.9,2,2024-01-25 00:00:00,Chicago,No,2,0,0,0,0,1,0,1,0,0,0,0,0,0.32494001553221,0.22134835205118802,0.28512652700747726
CUST-2477,Ananya Nair,41,50361.0,20,One Year,29.83,599.31,1,2020-05-03 00:00:00,Toronto,No,1,0,0,0,0,1,0,0,0,1,0,0,0,0.15230838777978262,0.07518245742660044,0.04937420292434083
CUST-1582,Karen Jones,51,105468.0,39,Two Year,74.88,2922.23,3,2023-05-03 00:00:00,Chennai,Yes,2,1,1,0,0,0,0,0,0,0,0,1,0,0.5781459486818872,0.37544572932982306,0.24074815539803526
CUST-1739,James Patel,31,78897.0,22,Two Year,30.12,662.67,5,2020-01-15 00:00:00,New York,Yes,2,1,1,0,0,1,0,0,0,0,0,1,0,0.37281940521681345,0.07711533975405739,0.05459412165969688
CUST-2435,Matthew Anderson,27,148029.0,8,Month-to-Month,58.51,467.67,3,2021-06-14 00:00:00,Berlin,No,0,0,1,0,0,0,0,0,0,1,0,0,0,0.907034700193573,0.2663378545006165,0.038529030854860556
CUST-1377,Jennifer Kumar,42,106863.0,36,Two Year,60.57,2190.18,4,2022-02-25 00:00:00,Chennai,No,2,0,1,0,0,1,0,0,1,1,0,0,0,0.5889257660818261,0.28006798413703465,0.18043815681505865
CUST-1315,Aditya Nair,59,62084.0,11,Two Year,28.93,312.73,3,2021-09-20 00:00:00,Toronto,No,2,0,0,0,1,0,0,0,0,1,0,0,0,0.24289749127762086,0.06918385710000999,0.025764286396904958
CUST-1443,Pooja Rodriguez,41,54435.0,56,Month-to-Month,108.67,6075.85,4,2024-04-18 00:00:00,Los Angeles,No,0,0,1,0,0,0,0,0,0,0,1,0,0,0.18379009106820648,0.600659846035925,0.5005593947003325
CUST-1320,Neha Rodriguez,40,87396.0,42,Two Year,65.26,2740.52,5,2024-03-06 00:00:00,Sydney,Yes,2,1,0,0,0,1,0,0,0,0,0,1,0,0.43849515294590385,0.31132735695004504,0.22577796232035932
CUST-2062,Christopher Hernandez,43,76817.0,64,One Year,70.97,4542.08,3,2022-01-11 00:00:00,Mumbai,No,1,0,1,0,0,0,0,0,0,0,0,1,0,0.35674627246278257,0.3493851434665245,0.3741996289375949
CUST-1843,Susan Wilson,41,87396.0,68,One Year,52.35,3551.82,4,2021-05-08 00:00:00,New York,Yes,1,1,0,0,0,1,0,0,1,0,0,1,0,0.43849515294590385,0.22528076782084178,0.29261697857658353
CUST-2169,Thomas Rodriguez,48,102879.0,44,Two Year,101.82,4475.2,3,2022-03-28 00:00:00,Chicago,No,2,0,0,0,0,0,0,0,1,0,1,0,0,0.5581395348837209,0.5550038324390976,0.3686897147169413
CUST-1425,Nancy Garcia,51,86489.0,69,Month-to-Month,56.25,3879.11,5,2024-05-17 00:00:00,New York,No,0,0,1,0,0,0,1,1,0,0,0,0,0,0.431486339769026,0.2512747025694005,0.3195807917535829
CUST-1554,Barbara Smith,36,69726.0,55,Month-to-Month,109.47,6020.03,2,2021-07-02 00:00:00,Chicago,No,0,0,0,0,0,1,0,0,0,1,0,0,0,0.3019507992133438,0.6059919352151165,0.49596065947609674
CUST-1595,Mary Kumar,39,116060.0,16,One Year,71.9,1160.1,1,2024-01-23 00:00:00,Sydney,No,1,0,0,0,0,0,0,0,1,0,1,0,0,0.6599952862447211,0.3555836971373347,0.09557493252661861
CUST-1953,Jennifer Sharma,41,105454.0,13,Two Year,54.73,712.54,5,2021-02-07 00:00:00,Berlin,No,2,0,0,0,0,1,0,0,1,0,0,0,0,0.5780377641345043,0.24114373312893653,0.05870266565168246
CUST-2090,Karen Singh,49,60620.0,53,Two Year,70.97,2659.51,1,2024-06-07 00:00:00,Singapore,Yes,2,1,0,0,0,0,1,0,0,0,0,1,0,0.23158447860843762,0.3493851434665245,0.21910394690446297
CUST-1818,Nancy Garcia,41,102180.0,59,Month-to-Month,111.54,6586.31,1,2023-06-15 00:00:00,Singapore,Yes,0,1,1,0,0,1,0,0,1,0,0,1,0,0.5527380349822462,0.6197887159662746,0.5426136831733415
CUST-2259,Vikram Williams,57,87396.0,53,One Year,70.97,2631.88,5,2020-04-06 00:00:00,Phoenix,No,1,0,0,0,0,0,0,0,0,0,0,0,0,0.43849515294590385,0.3493851434665245,0.2168276471150392
CUST-2363,Sarah Johnson,63,104278.0,15,Two Year,82.95,1243.2,3,2022-11-07 00:00:00,New York,No,2,0,0,0,0,0,0,0,0,0,1,0,0,0.5689502621543407,0.4292331789249176,0.10242113276191041
CUST-1228,James Brown,55,69393.0,25,Two Year,116.76,2909.74,4,2020-05-19 00:00:00,Houston,No,2,0,1,0,0,0,0,0,1,0,0,0,0,0.2993775524791648,0.6545805978604993,0.23971916573571522
CUST-1756,Daniel Brown,42,102070.0,11,Two Year,81.24,890.12,2,2023-12-02 00:00:00,Delhi,No,2,0,0,0,0,0,0,0,1,1,0,0,0,0.5518880135385233,0.41783583830439563,0.07333260834462009
CUST-2318,Thomas Brown,41,87396.0,61,One Year,168.585,12138.12,4,2019-12-01 07:30:00,Toronto,No,1,0,0,0,0,1,0,0,0,0,0,0,0,0.43849515294590385,1.0,1.0
CUST-2032,Mark Rodriguez,29,51467.0,55,Month-to-Month,76.55,4218.11,1,2023-12-09 00:00:00,Hyderabad,Yes,0,1,1,0,0,0,0,1,0,0,0,1,0,0.16085496702303173,0.38657646549138536,0.34750933422968294
CUST-1394,William Iyer,26,116424.0,60,Month-to-Month,39.14,2342.22,4,2022-11-10 00:00:00,Los Angeles,No,0,0,1,0,0,0,1,0,0,0,0,0,0,0.6628080844766766,0.1372346452494418,0.19296398453796795
CUST-1580,Vikram Verma,31,72609.0,3,Two Year,60.85,179.95,3,2021-02-20 00:00:00,Bengaluru,No,2,0,0,1,0,0,1,0,0,0,0,1,0,0.32422908850655097,0.2819342153497517,0.014825195335027169
CUST-1025,Linda Anderson,36,49512.0,61,Two Year,69.45,4243.73,1,2022-12-10 00:00:00,London,No,2,0,1,0,0,0,0,0,1,0,1,0,0,0.14574776772777676,0.3392541740260606,0.3496200400061953
CUST-1212,James Garcia,35,67131.0,47,One Year,19.89,934.83,2,2021-07-27 00:00:00,Houston,No,1,0,1,0,0,0,1,1,0,0,0,0,0,0.28189802060915625,0.008931249375145799,0.07701604531838538
CUST-2198,Mary Hernandez,18,74167.0,37,Month-to-Month,80.8,1786.99,1,2024-10-25 00:00:00,Bengaluru,No,0,0,0,0,0,1,0,0,0,1,0,0,0,0.3362684831367337,0.4149031892558403,0.14722131598633065
CUST-2147,John Reddy,24,37264.0,8,One Year,97.95,783.6,1,2022-09-04 00:00:00,Mumbai,Yes,1,1,0,0,0,0,0,0,1,0,0,1,0,0.05110174370307978,0.5292098510347586,0.06455694951112692
CUST-1537,Robert Johnson,42,87396.0,37,One Year,90.39,186.35,2,2021-10-28 00:00:00,Mumbai,No,1,0,0,0,0,0,1,0,0,0,0,0,1,0.43849515294590385,0.4788216082913987,0.015352459853750002
CUST-1760,Elizabeth Gupta,46,160059.5,44,Two Year,102.9,4529.89,1,2024-09-08 00:00:00,Sydney,No,2,0,0,1,0,0,0,0,1,0,1,0,0,1.0,0.5622021528310062,0.37319535479959004
CUST-1702,James Jones,42,55768.0,26,Month-to-Month,23.94,621.07,2,2021-05-24 00:00:00,Chicago,No,0,0,0,0,0,0,0,1,0,0,0,0,1,0.1940908054725926,0.035924950844802885,0.05116690228799847
CUST-1086,Jessica Anderson,45,93424.0,53,Month-to-Month,106.44,5631.35,4,2023-01-05 00:00:00,Berlin,No,0,0,0,1,0,0,1,0,1,0,0,1,0,0.4850763280619125,0.5857966474489286,0.4639392261734107
CUST-2396,Thomas Verma,41,91821.0,32,One Year,45.72,1463.04,1,2024-04-22 00:00:00,Chennai,No,1,0,0,0,0,1,0,0,0,0,1,0,0,0.47268919738657045,0.18109107874829206,0.12053266898003973
CUST-1273,Betty Sharma,48,77533.0,35,Month-to-Month,19.39,678.91,3,2024-02-06 00:00:00,Phoenix,Yes,0,1,0,1,0,0,0,0,1,0,1,0,0,0.3622791393146509,0.005598693638151097,0.05593205537595607
CUST-1701,Patricia Brown,34,86487.0,33,Two Year,113.27,3737.91,3,2023-11-17 00:00:00,Mumbai,No,2,0,0,1,0,0,0,0,0,0,0,1,0,0.43147088483368556,0.6313193588162762,0.3079480183092604
CUST-1845,Mary Gupta,33,90050.0,71,Two Year,43.75,2992.45,2,2020-01-01 00:00:00,Mumbai,No,2,0,0,0,0,1,0,0,1,1,0,0,0,0.4590038521426336,0.16796080914453293,0.24653323578939734
CUST-1631,Charles Reddy,57,76557.0,15,Two Year,61.93,930.05,2,2022-10-24 00:00:00,Mumbai,No,2,0,0,0,0,0,1,0,0,0,1,0,0,0.3547371308685287,0.28913253574166026,0.07662224463096426
CUST-2064,Jennifer Anderson,49,54267.0,12,Month-to-Month,79.07,944.8,3,2022-12-14 00:00:00,Delhi,No,0,0,0,0,0,0,1,0,0,1,0,0,0,0.18249187649961168,0.40337254640583864,0.07783742457645829
CUST-2446,Lisa Verma,40,156761.0,0,Month-to-Month,106.36,2242.08,3,2022-01-23 00:00:00,Berlin,Yes,0,1,0,1,0,1,0,0,0,0,0,0,0,0.9745109478898217,0.5852634385310095,0.18471394252157664
CUST-1506,Vikram Williams,31,94139.0,19,Two Year,72.38,1384.51,3,2024-03-06 00:00:00,Berlin,No,2,0,0,0,0,0,0,1,0,1,0,0,0,0.49060146744611055,0.35878295064484955,0.11406296856514847
CUST-1274,Sarah Johnson,25,160059.5,48,Two Year,79.8,3821.55,1,2024-11-28 00:00:00,Los Angeles,No,2,0,0,0,0,0,1,0,0,0,1,0,0,1.0,0.4082380777818509,0.31483870648831946
CUST-1766,William Miller,59,100637.0,49,Two Year,70.97,2442.21,1,2022-10-03 00:00:00,Bengaluru,Yes,2,1,0,0,0,1,0,0,0,0,1,0,0,0.5408145523671165,0.3493851434665245,0.20120166879220175
CUST-1363,Betty Johnson,33,92337.0,27,One Year,70.97,1347.65,1,2020-04-06 00:00:00,Toronto,No,1,0,0,0,0,0,0,0,0,0,1,0,0,0.47667657070439734,0.3493851434665245,0.11102625447762915
CUST-1623,Ananya Rodriguez,56,67598.0,38,One Year,29.24,1117.31,3,2020-07-16 00:00:00,Toronto,Yes,1,1,0,0,0,0,1,1,0,0,0,0,1,0.285506748011143,0.0712500416569467,0.09204967490847016
CUST-1003,Christopher Johnson,41,87396.0,41,Two Year,45.05,1848.28,2,2024-08-03 00:00:00,Chicago,No,2,0,1,0,0,0,0,0,1,0,0,1,0,0.43849515294590385,0.17662545406071914,0.1522706976039123
CUST-1007,Sandra Davis,41,69531.0,22,Two Year,35.0,770.0,4,2021-04-10 00:00:00,Unknown,No,2,0,1,0,0,1,0,0,1,0,1,0,0,0.3004439430176534,0.10964108374712567,0.0634365124088409
CUST-2471,Susan Nair,41,64472.0,26,Two Year,62.25,1618.04,3,2023-04-27 00:00:00,Chicago,Yes,2,1,1,0,0,0,1,0,1,0,1,0,0,0.2613506840740755,0.2912653714133369,0.13330235654285835
CUST-1666,Linda Nair,41,87396.0,49,Month-to-Month,23.22,1135.77,2,2021-01-11 00:00:00,London,No,0,0,0,1,0,1,0,0,0,0,0,1,0,0.43849515294590385,0.031126070583530497,0.09357050350466134
CUST-1999,Robert Hernandez,46,160059.5,48,One Year,36.31,1744.73,2,2024-10-20 00:00:00,Los Angeles,Yes,1,1,0,1,0,0,1,0,0,0,1,0,0,1.0,0.1183723797780518,0.14373972246113895
CUST-1216,Mark Anderson,34,69005.0,65,Month-to-Month,47.79,3106.47,2,2023-07-25 00:00:00,Sydney,Yes,0,1,0,1,0,1,0,0,1,1,0,0,0,0.29637929502312443,0.19488785949945012,0.2559267827307688
CUST-1725,Arjun Johnson,41,127148.0,24,Two Year,67.85,1625.77,2,2021-01-10 00:00:00,Sydney,Yes,2,1,1,0,0,1,0,0,0,0,0,0,0,0.7456774477719779,0.32858999566767755,0.13393919321937828
CUST-2114,David Sharma,41,120946.0,37,Two Year,39.6,349.49,1,2024-07-21 00:00:00,Hyderabad,Yes,2,1,1,0,0,0,0,0,0,0,0,1,0,0.6977516932813532,0.14030059652747692,0.02879276197631923
CUST-1923,Lisa Anderson,41,48258.0,34,Two Year,61.88,2106.87,5,2021-08-25 00:00:00,New York,No,2,0,0,1,0,1,0,0,1,0,0,0,0,0.136057523269337,0.2887992801679608,0.17357465571274627
CUST-2041,Sarah Miller,36,51154.0,70,Two Year,51.4,3607.1,5,2024-06-23 00:00:00,London,No,2,0,1,0,0,1,0,0,0,0,0,1,0,0.15843626964225688,0.21894891192055183,0.29717122585705197
CUST-1639,Daniel Kumar,65,116514.0,62,Month-to-Month,58.39,3621.87,3,2020-10-13 00:00:00,Chicago,Yes,0,1,0,0,0,1,0,0,0,0,0,0,1,0.6635035565669952,0.2655380411237378,0.29838805350416703
CUST-1797,Michael Gonzalez,25,79319.0,57,One Year,116.41,6630.12,2,2024-01-03 00:00:00,Singapore,No,1,0,1,0,0,0,0,0,1,0,1,0,0,0.37608039657364084,0.652247808844603,0.5462229735741614
CUST-1692,John Lopez,41,59375.0,37,Two Year,49.71,804.38,1,2021-07-18 00:00:00,London,No,2,0,0,0,0,0,0,0,0,0,0,1,0,0.22196378135902975,0.2076848735295098,0.06626891149535512
CUST-2304,Lisa Patel,50,53103.0,28,Two Year,113.6,3189.41,1,2023-03-08 00:00:00,Bengaluru,No,2,0,0,1,0,0,0,0,0,0,0,0,0,0.17349710413149058,0.6335188456026927,0.2627598013530925
CUST-1625,Michael Hernandez,61,87396.0,60,Two Year,47.85,2877.85,4,2020-01-15 00:00:00,Delhi,No,2,0,0,1,0,1,0,0,0,0,0,0,1,0.43849515294590385,0.1952877661878895,0.2370919055010166
CUST-1905,Neha Wilson,46,87396.0,17,Month-to-Month,107.01,1819.22,2,2023-08-01 13:30:00,Toronto,No,0,0,1,0,0,0,1,0,1,0,1,0,0,0.43849515294590385,0.5895957609891026,0.14987658714858643
CUST-1257,Pooja Davis,41,88697.0,59,Month-to-Month,101.48,5987.320000000001,2,2023-05-23 00:00:00,Unknown,No,0,0,0,1,0,1,0,0,1,0,1,0,0,0.44854858838484335,0.5527376945379412,0.49326584347493685
CUST-1026,Vikram Gonzalez,56,57260.0,6,Two Year,85.03,519.8,1,2023-02-17 00:00:00,Unknown,Yes,2,1,1,0,0,0,1,0,0,0,0,0,0,0.20562018723654166,0.4430966107908155,0.042823765130020126
CUST-1337,Sarah Martinez,61,91459.0,26,Month-to-Month,44.86,1166.36,5,2024-05-26 00:00:00,Berlin,No,0,0,0,0,0,0,0,0,0,0,1,0,0,0.46989185408995543,0.17535908288066118,0.09609066313399438
CUST-1573,Mark Sharma,32,94058.0,41,Month-to-Month,98.18,4022.55,5,2021-01-21 00:00:00,Chicago,Yes,0,1,1,0,0,1,0,0,1,0,1,0,0,0.4899755425648238,0.5307428266737761,0.33139810777945844
CUST-1048,Lisa Anderson,34,79686.0,4,One Year,96.19,379.05,4,2021-12-15 00:00:00,Singapore,No,1,0,0,0,0,0,0,0,1,0,0,1,0,0.3789163772086069,0.5174792548405373,0.03122806497217032
CUST-1107,Robert Kumar,46,149082.0,13,Two Year,49.85,639.95,3,2022-08-20 00:00:00,Mumbai,No,2,0,0,0,0,0,1,0,0,1,0,0,0,0.9151717236503012,0.20861798913586832,0.05272233261823083
CUST-1350,Ananya Reddy,41,67241.0,37,One Year,58.67,2199.19,2,2024-10-05 00:00:00,Sydney,No,1,0,0,0,1,0,0,1,0,1,0,0,0,0.28274804205287907,0.26740427233645486,0.18118044639532316
CUST-1056,Betty Lopez,35,58184.0,33,One Year,74.84,2461.9,2,2020-02-14 00:00:00,London,No,1,0,1,0,0,1,0,0,0,0,1,0,0,0.21276036736381304,0.3751791248708635,0.20282383103808496
CUST-1862,Matthew Singh,36,87396.0,13,One Year,114.11,1475.75,2,2023-12-01 07:30:00,Mumbai,No,1,0,0,0,0,0,0,0,1,0,0,0,0,0.43849515294590385,0.6369180524544273,0.12157978336019086
CUST-1214,Neha Iyer,41,89261.0,30,One Year,104.06,3121.17,3,2023-03-20 00:00:00,Los Angeles,Yes,1,1,0,0,1,0,0,0,0,1,0,0,0,0.4529068801508402,0.5699336821408338,0.25713784342221035
CUST-1121,Robert Kumar,41,99541.0,5,One Year,96.21,475.52,4,2022-09-01 00:00:00,Sydney,No,1,0,0,0,0,0,0,0,1,1,0,0,0,0.5323452478005695,0.517612557070017,0.039175753741106524
CUST-1926,Anthony Reddy,27,92018.0,46,Month-to-Month,72.57,3340.63,4,2021-11-20 00:00:00,Chennai,Yes,0,1,0,1,0,1,0,0,1,0,1,0,0,0.47421150851760124,0.3600493218249075,0.2752180733095405
CUST-2427,Elizabeth Iyer,32,101747.0,14,Month-to-Month,108.98,1520.25,4,2024-02-11 00:00:00,Chicago,Yes,0,1,1,0,0,1,0,0,0,0,0,0,0,0.5493920414810465,0.6027260305928617,0.12524591946693556
CUST-1073,Michael Rodriguez,53,78351.0,65,Month-to-Month,114.91,7469.15,2,2024-12-08 00:00:00,Toronto,Yes,0,1,0,0,0,0,1,0,1,0,0,1,0,0.3686002078688803,0.6422501416336188,0.6153465281279143
CUST-1941,Sandra Rodriguez,58,113424.0,63,Two Year,85.18,5362.15,2,2024-05-15 00:00:00,Los Angeles,Yes,2,1,0,0,0,0,1,1,0,1,0,0,0,0.6396256814660551,0.44409637751191394,0.4417611623546315
CUST-1788,Elizabeth Singh,57,97162.0,37,One Year,87.84,3250.08,3,2022-08-22 00:00:00,Chicago,Yes,1,1,0,0,0,1,0,0,0,0,1,0,0,0.5139616022131468,0.4618255740327257,0.2677581042204229
CUST-1046,Richard Johnson,60,42788.0,37,Month-to-Month,98.63,3647.31,3,2024-05-26 00:00:00,Bengaluru,No,0,0,1,0,0,0,1,1,0,1,0,0,0,0.093788275113304,0.5337421268370713,0.3004839299660903
CUST-2374,Rohit Nair,18,66704.0,28,One Year,81.45,2276.49,2,2022-07-13 00:00:00,Unknown,Yes,1,1,0,0,0,0,0,0,0,0,1,0,0,0.27859839191397784,0.4192355117139335,0.18754881316052235
CUST-1524,Sneha Iyer,48,61257.0,37,One Year,18.85,178.52,3,2020-07-14 00:00:00,Bengaluru,No,1,0,1,0,0,0,0,1,0,0,0,1,0,0.23650687551435956,0.0019995334421968256,0.014707384669125037
CUST-1925,Susan Rodriguez,41,85765.0,26,One Year,46.66,1218.48,3,2023-04-15 00:00:00,Toronto,No,1,0,0,0,0,1,0,0,0,1,0,0,0,0.425891653175796,0.1873562835338421,0.10038457355834346
CUST-1840,James Anderson,41,101843.0,54,One Year,40.13,2157.5,1,2022-07-24 00:00:00,Unknown,Yes,1,1,1,0,0,0,1,0,0,1,0,0,0,0.5501338783773864,0.1438331056086913,0.1777458123663302
CUST-2448,William Jones,40,87293.0,56,Two Year,20.45,1139.71,5,2023-10-04 00:00:00,Houston,No,2,0,1,0,0,0,0,1,0,0,0,0,0,0.4376992237758725,0.012663711800579855,0.09389510072400009
CUST-1534,Mary Jones,71,56740.0,52,One Year,111.95,5813.06,3,2024-06-28 00:00:00,Unknown,No,1,0,0,1,0,0,1,0,1,1,0,0,0,0.20160190404803394,0.6225214116706103,0.47890941925108665
CUST-2174,Barbara Jones,18,39894.0,56,Two Year,28.45,1602.32,1,2022-08-28 00:00:00,Berlin,No,2,0,0,0,0,1,0,0,0,1,0,0,0,0.07142498367572454,0.06598460359249507,0.13200726306874538
CUST-1604,Patricia Brown,38,62838.0,60,Month-to-Month,29.44,1764.01,1,2020-05-11 00:00:00,Phoenix,No,0,0,0,1,0,0,0,0,0,0,0,0,0,0.24872400190095706,0.0725830639517446,0.1453281068237915
CUST-1466,Jennifer Nair,57,87396.0,71,One Year,39.42,2798.82,2,2024-09-01 00:00:00,Delhi,No,1,0,0,1,0,0,1,0,1,1,0,0,0,0.43849515294590385,0.13910087646215885,0.23058101254560015
CUST-1894,David Martinez,52,78508.0,27,One Year,67.45,1812.1,4,2023-12-04 00:00:00,Phoenix,No,1,0,1,0,0,1,0,0,1,0,0,1,0,0.3698134202931028,0.3259239510780818,0.14929000537150727
CUST-2321,Thomas Patel,26,160059.5,11,Month-to-Month,106.69,1173.59,3,2023-02-23 00:00:00,Chennai,No,0,0,0,0,0,0,1,1,0,0,0,1,0,1.0,0.5874629253174259,0.09668630726998909
CUST-2424,David Hernandez,21,160059.5,70,Two Year,73.74,5161.799999999999,4,2024-11-04 00:00:00,Hyderabad,Yes,2,1,1,0,0,0,1,0,1,1,0,0,0,1.0,0.3678475022494751,0.4252553113661752
CUST-2008,Ananya Nair,36,69313.0,18,Two Year,50.3,900.28,2,2021-02-01 00:00:00,Chicago,No,2,0,1,0,0,0,1,0,1,0,1,0,0,0.29875935506554824,0.2116172892991635,0.07416964076809258
CUST-1943,John Brown,53,104478.0,47,Two Year,168.585,12138.12,1,2024-06-24 00:00:00,Phoenix,No,2,0,0,0,0,1,0,1,0,1,0,0,0,0.5704957556883822,1.0,1.0
CUST-1667,Sarah Martinez,45,77994.0,26,Month-to-Month,70.97,1296.78,4,2021-04-11 00:00:00,Berlin,Yes,0,1,0,0,0,1,0,1,0,0,1,0,0,0.3658415019106164,0.3493851434665245,0.10683532540459312
CUST-1775,David Martinez,56,57581.0,48,Month-to-Month,88.83,4256.2,1,2024-10-10 00:00:00,Houston,Yes,0,1,0,1,0,1,0,1,0,0,0,0,0,0.20810070435867814,0.4684240343919752,0.3506473819668943
CUST-1195,Linda Gonzalez,41,87396.0,39,Two Year,57.51,2244.27,2,2024-01-13 00:00:00,Bengaluru,No,2,0,1,0,0,0,0,0,0,0,0,1,0,0.43849515294590385,0.2596727430266271,0.18489436584907712
CUST-1281,James Martinez,41,40549.0,59,One Year,41.29,2431.55,2,2023-03-27 00:00:00,Singapore,No,1,0,0,0,0,1,0,0,0,1,0,0,0,0.07648647499971022,0.15156463491851901,0.20032344382820405
CUST-1696,Karen Rodriguez,29,78370.0,58,Month-to-Month,72.24,4192.66,3,2020-10-24 00:00:00,Singapore,Yes,0,1,0,1,0,1,0,1,0,0,0,1,0,0.36874702975461426,0.357849835038491,0.3454126339169492
CUST-1360,Joseph Davis,48,123890.0,10,Month-to-Month,72.87,728.44,2,2024-11-20 00:00:00,Phoenix,No,0,0,0,0,0,0,0,0,0,0,0,1,0,0.7205013581024431,0.3620488552671044,0.060012588440384505
CUST-1866,Linda Nair,54,160059.5,7,Month-to-Month,42.62,298.34,2,2022-04-15 00:00:00,Los Angeles,Yes,0,1,1,0,0,0,0,0,1,0,0,1,0,1.0,0.1604292331789249,0.024578765080589083
CUST-2244,Priya Anderson,57,99064.0,45,One Year,91.83,4123.43,5,2023-03-26 00:00:00,Hyderabad,Yes,1,1,0,0,0,0,1,0,1,0,0,1,0,0.5286592457218807,0.48841936881394343,0.3397091147558271
CUST-1183,Mary Davis,62,87599.0,68,Two Year,97.63,6634.04,2,2024-03-23 00:00:00,Chicago,No,2,0,1,0,0,0,1,0,1,0,0,1,0,0.4400638288829559,0.5270770153630819,0.5465459230918791
CUST-2059,Christopher Martinez,61,64001.0,58,Month-to-Month,109.34,6332.78,5,2021-05-21 00:00:00,Chicago,No,0,0,0,0,0,0,0,0,0,0,0,1,0,0.25771104680140794,0.6051254707234979,0.5217265935746227
CUST-1111,Daniel Iyer,67,87396.0,18,Two Year,30.6,545.11,3,2024-02-25 00:00:00,Chennai,No,2,0,0,0,0,1,0,0,1,0,1,0,0,0.43849515294590385,0.08031459326157231,0.04490893153140684
CUST-2389,Elizabeth Kumar,29,101351.0,48,One Year,70.97,2405.04,1,2020-06-22 00:00:00,Bengaluru,No,1,0,0,0,0,0,1,1,0,0,0,1,0,0.5463319642836444,0.3493851434665245,0.19813941532955678
CUST-1043,Lisa Patel,35,76973.0,19,Two Year,107.18,2034.72,3,2020-12-21 00:00:00,New York,No,2,0,0,0,0,1,0,1,0,1,0,0,0,0.3579517574193349,0.5907288299396808,0.16763057211495683
CUST-1975,Mark Verma,28,70431.0,58,One Year,93.46,5427.55,2,2022-03-24 00:00:00,Delhi,No,1,0,0,1,0,0,1,0,1,0,0,0,0,0.3073986639208398,0.49928350051654613,0.44714914665533045
CUST-1205,Mary Martinez,18,65024.0,37,Month-to-Month,90.01,2162.18,3,2024-11-26 00:00:00,New York,No,0,0,0,0,0,0,0,0,1,1,0,0,0,0.2656162462280298,0.4762888659312828,0.17813137454564626
CUST-1875,Aditya Wilson,27,111837.0,71,Two Year,86.39,6142.79,4,2020-11-21 00:00:00,New York,No,2,0,0,0,0,0,1,1,0,0,0,1,0,0.6273621902734364,0.4521611623954411,0.5060742520258491
CUST-1053,Sneha Martinez,71,71517.0,13,Month-to-Month,38.46,499.98,5,2024-03-11 00:00:00,Bengaluru,Yes,0,1,0,0,0,1,0,0,0,0,0,1,0,0.31579069381068475,0.13270236944712901,0.04119089282360036
CUST-2069,Karen Garcia,47,160059.5,0,Two Year,35.91,462.6,3,2021-11-20 00:00:00,Mumbai,Yes,2,1,1,0,0,0,1,0,1,0,1,0,0,1.0,0.11570633518845601,0.03811133849393481
CUST-2218,Elizabeth Sharma,37,114920.0,56,Month-to-Month,51.81,2900.8,4,2024-05-22 00:00:00,Sydney,No,0,0,0,0,0,1,0,0,1,0,1,0,0,0.651185973100685,0.22168160762488756,0.2389826431111243
CUST-1184,Linda Johnson,54,95853.0,45,Two Year,30.68,1380.6,5,2024-06-21 00:00:00,Phoenix,No,2,0,1,0,0,0,1,1,0,0,0,1,0,0.5038463470328456,0.08084780217949145,0.11374084289824123
CUST-1138,Mark Kumar,41,111522.0,5,Month-to-Month,25.66,122.14,4,2021-12-02 00:00:00,Los Angeles,No,0,0,0,0,0,0,1,0,1,0,0,0,1,0.6249280379573212,0.047388942580064645,0.010062513799501075
CUST-1133,Ananya Patel,59,85970.0,13,Month-to-Month,168.585,12138.12,5,2021-10-19 00:00:00,Sydney,No,0,0,1,0,0,0,1,0,0,0,0,1,0,0.4274757840481885,1.0,1.0
CUST-1081,William Iyer,43,97693.0,28,One Year,104.71,2931.8799999999997,4,2022-03-08 00:00:00,Hyderabad,Yes,1,1,0,0,0,1,0,0,0,1,0,0,0,0.5180648875460268,0.574266004598927,0.241543171430172
CUST-2254,James Garcia,37,92385.0,51,Two Year,82.95,4226.47,3,2020-09-30 16:30:00,Bengaluru,Yes,2,1,0,0,0,1,0,0,0,1,0,0,0,0.4770474891525673,0.4292331789249176,0.3481980735072647
CUST-1106,Michael Gupta,23,117209.0,16,Month-to-Month,44.87,711.95,4,2023-09-01 00:00:00,Los Angeles,Yes,0,1,0,0,0,1,0,0,0,0,0,1,0,0.6688741465977892,0.17542573399540107,0.058654058453862706
CUST-2202,Linda Lopez,18,160059.5,10,Two Year,66.72,674.34,2,2021-12-08 00:00:00,Delhi,No,2,0,1,0,0,0,0,1,0,0,1,0,0,1.0,0.32105841970206955,0.05555555555555555
CUST-1542,Robert Patel,30,102939.0,43,Two Year,168.585,12138.12,2,2021-06-01 04:30:00,Delhi,No,2,0,1,0,0,1,0,0,0,1,0,0,0,0.5586031829439334,1.0,1.0
CUST-1910,Christopher Patel,32,101226.0,15,Month-to-Month,115.13,1727.34,5,2023-04-13 00:00:00,Houston,Yes,0,1,1,0,0,0,0,0,0,1,0,0,0,0.5453660308248686,0.6437164661578965,0.14230704590167173
CUST-1481,Neha Nair,18,160059.5,37,Month-to-Month,84.9,2039.56,3,2024-09-18 00:00:00,Phoenix,No,0,0,0,1,0,0,0,0,0,1,0,0,0,1.0,0.44223014629919694,0.16802931590724096
CUST-1166,William Jones,39,77164.0,54,Two Year,69.57,3755.78,3,2023-09-19 00:00:00,Chennai,No,2,0,1,0,0,1,0,0,0,1,0,0,0,0.35942770374434446,0.3400539874029393,0.30942023970763183
CUST-1249,Aarav Smith,34,75376.0,33,Month-to-Month,66.7,2205.4,3,2023-07-14 00:00:00,Mumbai,No,0,0,1,0,0,0,1,0,0,0,0,1,0,0.3456109915500141,0.3209251174725898,0.1816920577486464
CUST-1308,Betty Jones,41,160059.5,37,Two Year,75.19,142.81,2,2024-12-16 00:00:00,London,Yes,2,1,0,0,0,0,0,0,0,0,1,0,0,1.0,0.37751191388675975,0.011765413424813726
CUST-1447,Sneha Patel,37,130197.0,55,Month-to-Month,115.15,6328.42,3,2020-08-10 00:00:00,New York,No,0,0,0,0,0,1,0,1,0,0,0,0,1,0.7692384966984395,0.6438497683873764,0.5213673946212428
CUST-2206,James Verma,50,106497.0,56,One Year,85.76,4802.26,1,2022-01-12 00:00:00,Delhi,No,1,0,0,1,0,0,1,0,0,0,0,0,0,0.5860975129145304,0.4479621421668278,0.3956345793252991
CUST-1335,Jessica Hernandez,44,71897.0,0,Two Year,62.37,132.45,1,2022-02-14 00:00:00,Berlin,No,2,0,0,0,0,0,0,0,0,0,0,1,0,0.31872713152536347,0.2920651847902156,0.010911903985131139
CUST-1098,Daniel Wilson,66,87396.0,19,One Year,51.73,987.78,4,2020-04-05 00:00:00,Sydney,No,1,0,0,0,0,0,1,0,1,0,0,0,1,0.43849515294590385,0.22114839870696834,0.08137833536000633
CUST-1807,Jessica Martinez,31,92879.0,68,One Year,80.11,5482.79,3,2023-11-09 00:00:00,Mumbai,No,1,0,1,0,0,0,0,0,0,0,0,1,0,0.4808648581816496,0.41030426233878764,0.4517000985325569
CUST-1738,Sarah Wilson,18,73190.0,44,Two Year,74.66,3280.14,3,2022-07-04 00:00:00,Unknown,No,2,0,0,1,0,1,0,0,1,0,1,0,0,0.3287187472229413,0.37397940480554537,0.2702345997567992
CUST-1949,David Nair,19,87396.0,37,Month-to-Month,68.26,1232.7,5,2020-08-17 00:00:00,Berlin,No,0,0,0,0,1,0,0,0,0,0,1,0,0,0.43849515294590385,0.33132269137201326,0.10155608941088076
CUST-2034,Sneha Hernandez,47,160059.5,40,Two Year,97.14,3893.11,3,2021-01-07 00:00:00,Singapore,No,2,0,0,0,0,0,0,0,1,0,0,1,0,1.0,0.5238111107408272,0.3207341828882891
CUST-2171,Linda Reddy,24,84398.0,20,Two Year,25.81,513.13,5,2020-11-11 00:00:00,Berlin,No,2,0,1,0,0,1,0,0,1,0,1,0,0,0.4153282048706229,0.04838870930116305,0.04227425663941368
CUST-1103,Pooja Reddy,41,75730.0,20,Month-to-Month,117.41,2355.45,1,2020-08-09 00:00:00,Chennai,No,0,0,0,0,0,1,0,0,0,0,1,0,0,0.34834651510526743,0.6589129203185924,0.1940539391602653
CUST-1435,Sarah Jones,61,136591.0,37,Month-to-Month,60.36,300.34,3,2020-05-24 00:00:00,Delhi,No,0,0,1,0,0,0,1,0,0,0,1,0,0,0.8186479249817439,0.2786683107274969,0.02474353524268997
CUST-1075,Sandra Brown,21,84294.0,59,One Year,168.585,12138.12,5,2023-06-07 00:00:00,Berlin,No,1,0,0,0,0,1,0,0,0,1,0,0,0,0.41452454823292134,1.0,1.0
CUST-2387,Aarav Smith,43,101848.0,37,Month-to-Month,110.17,1439.71,3,2022-12-10 00:00:00,Los Angeles,No,0,0,0,0,0,0,0,0,1,0,1,0,0,0.5501725157157373,0.6106575132469091,0.1186106250391329
CUST-2406,David Kumar,19,89415.0,38,Month-to-Month,42.8,1618.45,3,2020-04-26 00:00:00,Singapore,No,0,0,1,0,0,0,1,0,1,0,0,1,0,0.45409691017205206,0.16162895324424298,0.13333613442608905
CUST-1303,Robert Garcia,35,83626.0,15,Month-to-Month,47.64,714.66,3,2024-05-22 00:00:00,New York,No,0,0,0,0,0,0,0,0,1,0,0,0,1,0.40936259982922296,0.19388809277835173,0.0588773220235094
CUST-2337,Daniel Brown,41,143627.0,55,Month-to-Month,108.48,5967.05,5,2021-06-15 00:00:00,New York,No,0,0,0,1,0,0,0,1,0,0,0,0,0,0.8730183875093213,0.599393474855867,0.49159589788204433
CUST-2306,Vikram Iyer,41,43326.0,69,Month-to-Month,34.83,2403.27,4,2024-07-20 00:00:00,Unknown,No,0,0,0,1,0,1,0,0,1,0,0,0,1,0.09794565271987543,0.10850801479654745,0.1979935937360975
CUST-2401,Joseph Johnson,56,49273.0,6,Month-to-Month,82.88,479.91,2,2023-08-01 00:00:00,New York,No,0,0,1,0,0,0,1,0,0,0,1,0,0,0.14390090295459726,0.42876662112173825,0.039537424246917974
CUST-1763,Michael Davis,75,71718.0,10,Two Year,59.71,587.28,4,2024-01-15 00:00:00,Phoenix,Yes,2,1,1,0,0,0,0,0,1,0,0,1,0,0.3173439148123964,0.2743359882694038,0.04838311039930401
CUST-1734,Charles Wilson,41,160059.5,7,Month-to-Month,105.43,746.62,1,2023-06-26 00:00:00,Berlin,No,0,0,0,0,1,0,1,0,1,0,1,0,0,1.0,0.5790648848601994,0.06151034921388155
CUST-1389,Nancy Garcia,18,87396.0,32,One Year,89.69,2866.27,4,2023-05-27 00:00:00,Delhi,No,1,0,1,0,0,0,0,0,1,1,0,0,0,0.43849515294590385,0.4741560302596061,0.2361378862624525
CUST-1236,Vikram Martinez,48,121897.0,27,One Year,70.97,1355.03,3,2024-12-16 00:00:00,Phoenix,No,1,0,1,0,0,0,0,0,0,0,0,0,0,0.7051005150357202,0.3493851434665245,0.11163425637578141
CUST-1268,Betty Lopez,64,160059.5,57,Month-to-Month,105.77,6022.68,4,2022-02-14 00:00:00,London,No,0,0,1,0,0,1,0,1,0,0,0,0,0,1.0,0.5813310227613557,0.49617897994088045
CUST-1306,William Lopez,22,88430.0,26,Month-to-Month,54.05,1408.04,2,2024-07-22 00:00:00,Chicago,Yes,0,1,0,0,0,0,1,1,0,0,1,0,0,0.446485354516898,0.23661145732662378,0.11600148952226538
CUST-1839,Thomas Williams,51,100824.0,16,Two Year,70.12,1131.53,2,2020-11-22 00:00:00,Berlin,Yes,2,1,1,0,0,0,1,0,0,0,0,1,0,0.5422595888214453,0.34371979871363356,0.09322119076100746
CUST-1118,Betty Wilson,41,88826.0,10,Two Year,27.17,270.45,4,2024-05-21 00:00:00,Berlin,No,2,0,1,0,0,0,0,0,1,0,1,0,0,0.44954543171430006,0.05745326090578866,0.022281045170092235
CUST-2253,James Iyer,41,96619.0,4,Two Year,118.47,475.46,4,2023-11-13 00:00:00,Toronto,Yes,2,1,1,0,0,0,1,0,1,0,0,0,0,0.5097655872682243,0.6659779384810212,0.0391708106362435
CUST-1674,Susan Gupta,46,136072.0,18,Month-to-Month,104.66,1879.05,2,2020-03-08 00:00:00,Unknown,Yes,0,1,0,1,0,0,1,0,1,0,0,0,0,0.8146373692609064,0.5739327490252275,0.15480568654783441
CUST-1250,John Brown,52,77506.0,63,One Year,61.01,3843.18,4,2021-08-05 00:00:00,Singapore,Yes,1,1,1,0,0,1,0,0,0,0,0,0,0,0.3620704976875553,0.28300063318559,0.3166206957914405
CUST-2439,Arjun Verma,41,160059.5,63,Month-to-Month,93.93,5911.04,2,2019-10-01 10:30:00,Berlin,Yes,0,1,1,0,0,0,1,1,0,0,0,0,1,1.0,0.5024161029093213,0.486981509492409
CUST-2111,Matthew Jones,31,58255.0,41,Two Year,61.66,2528.06,5,2021-06-09 00:00:00,New York,No,2,0,0,1,0,1,0,0,1,1,0,0,0,0.21330901756839774,0.28733295564368316,0.20827442800038226
CUST-1072,William Iyer,28,63635.0,62,One Year,22.19,1379.81,3,2019-10-31 21:00:00,London,No,1,0,1,0,0,0,0,0,1,0,0,1,0,0.25488279363411215,0.02426100576532143,0.11367575868421138
CUST-1095,Anthony Singh,56,144798.0,71,Two Year,70.97,5038.87,3,2020-08-28 00:00:00,Delhi,Yes,2,1,0,0,0,0,1,0,1,0,0,0,1,0.8820672521511338,0.3493851434665245,0.41512771335264437
CUST-2238,Rohit Gupta,18,67379.0,72,Two Year,79.36,5707.16,1,2022-05-04 00:00:00,Toronto,No,2,0,0,0,0,1,0,0,0,0,0,1,0,0.2838144325913676,0.4053054287332956,0.4701848391678447
CUST-1034,Margaret Brown,41,70466.0,30,Two Year,168.585,12138.12,1,2023-02-24 00:00:00,Hyderabad,No,2,0,0,0,0,0,0,0,0,0,0,1,0,0.3076691252892971,1.0,1.0
CUST-1800,Margaret Patel,23,160059.5,52,Two Year,76.1,3956.7,3,2022-10-21 00:00:00,Chennai,No,2,0,0,0,0,1,0,0,1,0,1,0,0,1.0,0.3835771653280901,0.32597305019228673
CUST-2135,Joseph Smith,31,66250.0,14,Month-to-Month,102.69,1458.0,2,2022-01-17 00:00:00,Singapore,No,0,0,1,0,0,1,0,0,0,0,0,0,0,0.2750901215917038,0.5608024794214683,0.1201174481715455
CUST-1449,Nancy Rodriguez,52,87396.0,6,Month-to-Month,77.73,472.26,2,2021-12-27 00:00:00,Bengaluru,No,0,0,1,0,0,1,0,0,0,0,0,1,0,0.43849515294590385,0.3944412970306929,0.03890717837688208
CUST-1446,Rohit Gonzalez,42,53705.0,30,Two Year,82.91,2478.14,4,2020-06-28 00:00:00,Los Angeles,Yes,2,1,0,0,0,0,1,0,1,0,0,1,0,0.1781490396689553,0.42896657446595793,0.20416176475434414
CUST-1772,Nancy Brown,31,44056.0,33,Two Year,117.89,3888.49,3,2020-04-24 00:00:00,Houston,No,2,0,0,0,0,0,0,0,1,1,0,0,0,0.10358670411912664,0.6621121738261073,0.32035356381383606
CUST-1717,Vikram Jones,49,160059.5,21,Month-to-Month,34.04,714.84,5,2023-04-01 19:30:00,New York,No,0,0,1,0,0,1,0,0,0,0,0,1,0,1.0,0.10324257673209583,0.05889215133809848
CUST-2447,Mark Anderson,20,43988.0,52,Two Year,55.1,2865.2000000000003,5,2022-06-19 00:00:00,Chicago,No,2,0,0,1,0,0,1,0,0,0,0,1,0,0.10306123631755255,0.24360982437431264,0.23604973422572853
CUST-2247,Robert Garcia,29,87396.0,64,Two Year,64.19,4105.56,2,2023-11-07 00:00:00,Berlin,No,2,0,1,0,0,0,1,0,1,0,0,1,0,0.43849515294590385,0.30419568767287636,0.3382368933574557
CUST-2066,Sneha Sharma,65,77146.0,25,Month-to-Month,34.88,862.6,5,2022-10-07 00:00:00,London,Yes,0,1,0,0,0,1,0,0,0,0,0,0,0,0.3592886093262807,0.10884127037024696,0.0710653709141119
CUST-1078,Charles Martinez,51,62923.0,37,Month-to-Month,89.82,1973.89,3,2020-07-17 00:00:00,Berlin,No,0,0,0,0,0,0,0,0,1,0,0,0,0,0.24938083665292465,0.4750224947512247,0.1626190876346584
CUST-1085,James Davis,21,60876.0,54,Month-to-Month,101.31,5463.13,1,2023-05-25 00:00:00,Hyderabad,Yes,0,1,0,1,0,1,0,1,0,0,0,1,0,0.23356271033201065,0.551604625587363,0.4500804078391052
CUST-1889,Pooja Brown,44,79306.0,69,Two Year,118.3,8157.15,3,2023-12-23 00:00:00,Berlin,No,2,0,0,0,0,1,0,0,1,1,0,0,0,0.37597993949392816,0.6648448695304429,0.6720274638906188
CUST-1458,Mark Rodriguez,56,160059.5,60,Two Year,23.89,1434.07,2,2020-06-09 00:00:00,Chicago,No,2,0,0,1,0,0,0,0,0,0,1,0,0,1.0,0.03559169527110341,0.11814597318200841
CUST-1979,Thomas Miller,48,73609.0,46,Month-to-Month,70.97,2291.76,2,2020-04-11 00:00:00,Chennai,No,0,0,1,0,0,1,0,0,0,0,0,0,0,0.3319565561767581,0.3493851434665245,0.18880683334816264
CUST-1677,Charles Williams,41,67738.0,3,One Year,61.41,181.66,2,2023-04-26 00:00:00,London,No,1,0,0,0,0,0,1,1,0,0,0,1,0,0.286588593484972,0.2856666777751858,0.014966073823623426
CUST-2490,Robert Anderson,72,85600.0,41,One Year,27.17,1114.34,1,2021-08-01 01:30:00,Sydney,No,1,0,0,0,0,0,0,1,0,0,0,1,0,0.42461662101021186,0.05745326090578866,0.09180499121775035
CUST-2109,Aarav Garcia,48,106135.0,40,One Year,85.42,3408.41,1,2021-02-02 00:00:00,Bengaluru,No,1,0,1,0,0,0,1,0,1,1,0,0,0,0.5833001696179153,0.4456960042656714,0.2808021341031395
CUST-1437,Elizabeth Brown,33,67053.0,0,One Year,100.21,1612.93,4,2024-04-13 00:00:00,Houston,Yes,1,1,1,0,0,1,0,0,1,0,0,0,0,0.2812952781308801,0.5442730029659746,0.1328813687786906
CUST-1771,Jessica Williams,18,87396.0,40,One Year,54.32,2173.12,5,2024-05-02 00:00:00,Toronto,Yes,1,1,1,0,0,1,0,1,0,0,1,0,0,0.43849515294590385,0.2384110374246009,0.1790326673323381
CUST-1645,Margaret Kumar,41,117041.0,41,Month-to-Month,42.0,1724.07,3,2023-10-01 00:00:00,Bengaluru,No,0,0,0,1,0,0,1,0,0,0,1,0,0,0.6675759320291944,0.1562968640650515,0.1420376466866368
CUST-2161,John Wilson,30,70115.0,21,Two Year,112.16,2352.79,1,2022-12-25 00:00:00,Delhi,No,2,0,0,0,0,0,0,0,0,0,0,1,0,0.30495678413705435,0.623921085080148,0.19383479484467114
CUST-1966,Neha Johnson,41,67328.0,49,Month-to-Month,54.41,2663.14,3,2022-01-26 00:00:00,Berlin,No,0,0,1,0,0,0,1,0,1,1,0,0,0,0.2834203317401871,0.23901089745725998,0.21940300474867605
CUST-2234,Matthew Smith,34,103480.0,7,Month-to-Month,56.34,384.84,1,2024-10-26 00:00:00,New York,Yes,0,1,0,1,0,1,0,0,0,0,0,1,0,0.5627837429535154,0.2518745626020596,0.03170507459145238
CUST-2156,Joseph Rodriguez,67,160059.5,30,Month-to-Month,38.77,1156.99,1,2024-07-26 00:00:00,Toronto,No,0,0,1,0,0,0,0,0,1,0,0,0,0,1.0,0.13476855400406573,0.09531871492455174
CUST-1405,Aarav Rodriguez,31,77311.0,30,One Year,65.59,1967.7,1,2024-08-15 00:00:00,Toronto,No,1,0,1,0,0,0,0,0,1,0,1,0,0,0.36056364149186493,0.31352684373646156,0.16210912398295615
CUST-1994,Karen Miller,44,79046.0,10,Month-to-Month,32.61,319.26,3,2023-11-12 00:00:00,Chennai,Yes,0,1,1,0,0,0,0,0,0,0,0,1,0,0.3739707978996743,0.09371146732429099,0.026302260976164345
CUST-2233,Patricia Patel,40,62819.0,12,One Year,23.55,279.84,4,2021-07-15 00:00:00,Chicago,No,1,0,1,0,0,0,1,0,1,0,0,1,0,0.2485771800152231,0.033325557369947016,0.023054641081155892
CUST-1105,Priya Lopez,46,87396.0,17,Month-to-Month,89.79,1523.93,1,2020-01-23 00:00:00,Los Angeles,Yes,0,1,0,1,0,0,0,0,0,0,0,1,0,0.43849515294590385,0.4748225414070051,0.1255490965652012
CUST-1610,James Patel,25,109706.0,34,Month-to-Month,100.3,3410.5,4,2020-02-17 00:00:00,London,No,0,0,0,0,0,1,0,0,0,0,0,0,1,0.610894956668225,0.5448728629986337,0.28097431892253494
CUST-1917,Robert Kumar,41,64091.0,37,Month-to-Month,97.41,3612.01,4,2023-10-18 00:00:00,Berlin,No,0,0,1,0,0,1,0,0,0,0,1,0,0,0.2584065188917266,0.5256106908388043,0.2975757366050097
CUST-1689,John Anderson,45,87396.0,8,One Year,81.38,657.58,3,2021-01-22 00:00:00,Houston,Yes,1,1,1,0,0,1,0,0,1,0,0,1,0,0.43849515294590385,0.41876895391075414,0.05417478159715013
CUST-2232,Aditya Gonzalez,32,122037.0,4,Two Year,111.62,442.54,4,2024-10-14 00:00:00,Hyderabad,Yes,2,1,0,0,1,0,0,0,1,0,0,0,0,0.7061823605095492,0.6203219248841938,0.036458693768062926
CUST-2182,Linda Gonzalez,36,69570.0,12,Month-to-Month,88.85,1076.08,4,2022-02-19 00:00:00,Unknown,No,0,0,1,0,0,0,1,0,1,0,0,0,0,0.30074531425679146,0.468557336621455,0.08865293801676041
CUST-2160,Mark Garcia,25,61525.0,24,Two Year,106.46,2548.15,4,2021-01-28 00:00:00,Chennai,No,2,0,1,0,0,0,1,0,1,1,0,0,0,0.23857783684997508,0.5859299496784084,0.20992954427868565
CUST-1063,Patricia Lopez,20,128366.0,24,Two Year,89.43,2154.61,1,2023-03-06 00:00:00,New York,No,2,0,0,0,0,0,1,0,1,0,1,0,0,0.7550895033942902,0.47242310127636894,0.17750771948209443
CUST-1853,Pooja Rodriguez,68,145190.0,59,Two Year,114.31,6747.37,1,2020-02-15 00:00:00,Bengaluru,Yes,2,1,0,0,0,0,1,1,0,0,0,0,0,0.885096419477855,0.6382510747492253,0.5558826243273257
CUST-1779,Arjun Wilson,31,119073.0,71,One Year,77.52,5504.93,4,2023-09-14 00:00:00,Chennai,No,1,0,0,0,0,1,0,0,0,0,0,0,1,0.6832781463350552,0.3930416236211551,0.4535241042270137
CUST-2047,Michael Miller,55,78305.0,70,Two Year,65.93,4622.79,1,2021-12-08 00:00:00,Sydney,No,2,0,1,0,0,0,1,0,1,0,0,1,0,0.3682447443560508,0.315792981637618,0.38084892882917615
CUST-1239,Susan Sharma,59,43515.0,41,Two Year,62.48,2552.28,3,2022-04-14 00:00:00,Sydney,No,2,0,0,0,0,0,1,1,0,0,0,0,0,0.09940614410954458,0.2927983470523544,0.210269794663424
CUST-1224,Vikram Nair,18,86798.0,37,One Year,72.81,431.97,3,2021-11-30 19:30:00,Chicago,No,1,0,0,0,0,1,0,0,0,0,1,0,0,0.43387412727912,0.36164894857866503,0.03558788346135975
CUST-1146,Matthew Johnson,41,126832.0,51,Two Year,47.55,2417.69,3,2021-03-16 00:00:00,London,No,2,0,0,0,0,0,0,0,0,0,0,1,0,0.7432355679881925,0.19328823274569265,0.1991815866048449
CUST-2445,Robert Patel,52,57151.0,0,Month-to-Month,79.67,0.0,3,2024-07-21 00:00:00,Delhi,Yes,0,1,0,0,0,0,1,0,0,0,0,1,0,0.20477789326048906,0.4073716132902323,0.0
CUST-1374,Rohit Garcia,41,132127.0,46,One Year,98.73,4536.19,5,2021-05-12 00:00:00,Bengaluru,No,1,0,0,1,0,0,0,0,1,0,0,1,0,0.7841525093019392,0.5344086379844704,0.3737143808102078
CUST-2270,Charles Rodriguez,24,99930.0,56,Two Year,74.55,4180.32,2,2024-05-23 00:00:00,Delhi,No,2,0,0,0,0,0,0,1,0,1,0,0,0,0.5353512327242801,0.37324624254340655,0.3443960020167867
CUST-1119,Sneha Jones,41,107474.0,45,Two Year,102.18,4591.73,1,2022-02-07 00:00:00,Mumbai,Yes,2,1,0,0,0,0,1,0,0,0,1,0,0,0.5936472488283228,0.5574032725697338,0.3782900482117494
CUST-2164,Karen Nair,58,71009.0,28,One Year,49.02,1372.76,3,2021-09-05 00:00:00,Chennai,No,1,0,1,0,0,0,0,0,0,0,1,0,0,0.3118651402342195,0.2030859466124571,0.11309494386280576
CUST-1251,Pooja Williams,27,73240.0,49,One Year,29.45,1449.0,1,2021-08-01 00:00:00,Bengaluru,No,1,0,1,0,0,1,0,1,0,0,0,0,0,0.32910512060645164,0.07264971506648447,0.11937598244209152
CUST-2493,Robert Hernandez,51,87396.0,54,Two Year,40.47,2180.71,2,2024-12-25 00:00:00,Singapore,No,2,0,0,0,0,0,0,0,1,0,0,0,0,0.43849515294590385,0.14609924350984768,0.17965797009751097
CUST-2250,Nancy Gonzalez,36,82549.0,19,Month-to-Month,71.47,1360.15,3,2020-11-05 00:00:00,Berlin,No,0,0,1,0,0,0,1,0,0,0,0,0,0,0.40104011714840987,0.3527176992035192,0.11205606799075969
CUST-1951,Betty Gonzalez,52,87396.0,58,Month-to-Month,30.54,1777.07,5,2021-08-18 00:00:00,Chicago,Yes,0,1,0,0,0,1,0,0,0,0,1,0,0,0.43849515294590385,0.07991468657313293,0.14640405598231027
CUST-1010,Margaret Rodriguez,35,65354.0,72,Month-to-Month,73.2,5272.05,2,2021-11-04 00:00:00,Singapore,Yes,0,1,1,0,0,1,0,0,1,0,1,0,0,0.2681663105591982,0.3642483420535209,0.4343382665519866
CUST-1450,Richard Sharma,41,129718.0,53,Two Year,31.0,1645.97,5,2021-11-19 00:00:00,Chicago,Yes,2,1,1,0,0,0,1,0,0,0,1,0,0,0.7655370396844102,0.08298063785116806,0.13560337185659724
CUST-1709,Betty Miller,37,60249.0,39,Month-to-Month,103.36,4031.04,5,2023-02-20 00:00:00,New York,Yes,0,1,1,0,0,0,0,0,0,0,0,1,0,0.22871758810279078,0.5652681041090413,0.33209755711757666
CUST-1256,Arjun Williams,43,160059.5,30,Month-to-Month,168.585,12138.12,5,2024-04-28 00:00:00,Sydney,No,0,0,0,0,0,0,1,0,0,0,1,0,0,1.0,1.0,1.0
CUST-1594,Linda Williams,57,87396.0,44,One Year,105.36,4637.3,2,2024-07-14 00:00:00,Sydney,No,1,0,0,1,0,0,1,0,0,0,0,0,0,0.43849515294590385,0.5785983270570201,0.3820443363552181
CUST-1390,Mark Jones,50,119972.0,22,Two Year,58.42,1280.93,5,2023-05-04 00:00:00,Unknown,No,2,0,0,0,0,1,0,0,1,1,0,0,0,0.6902251397705715,0.26573799446795754,0.10552952186994362
CUST-2432,Robert Sharma,45,94238.0,4,Month-to-Month,70.97,191.87,3,2022-06-11 00:00:00,Houston,No,0,0,1,0,0,0,1,0,1,0,0,1,0,0.4913664867454611,0.3493851434665245,0.015807225501148447
CUST-2413,William Brown,30,90187.0,49,Month-to-Month,83.51,4087.26,2,2024-11-14 00:00:00,Mumbai,No,0,0,1,0,0,0,0,0,1,1,0,0,0,0.460062515213452,0.43296564135035165,0.33672924637423257
CUST-1558,Matthew Reddy,57,101635.0,1,Two Year,85.33,85.33,1,2021-10-08 00:00:00,Chennai,No,2,0,0,0,0,0,1,0,1,0,1,0,0,0.5485265651019833,0.4450961442330123,0.007029918966034278
CUST-2331,David Davis,31,87396.0,37,Month-to-Month,30.54,549.95,2,2024-07-28 00:00:00,Chicago,No,0,0,1,0,0,1,0,0,1,0,0,1,0,0.43849515294590385,0.07991468657313293,0.04530767532369098
CUST-1963,Jennifer Iyer,61,49339.0,13,Two Year,43.92,572.72,2,2023-07-17 00:00:00,Toronto,No,2,0,0,0,0,0,1,0,0,0,1,0,0,0.14441091582083093,0.16909387809511114,0.04718358361920957
CUST-1461,John Hernandez,41,87396.0,37,One Year,54.74,923.58,3,2022-11-02 00:00:00,Sydney,No,1,0,1,0,0,1,0,0,1,0,0,1,0,0.43849515294590385,0.24121038424367647,0.0760892131565679
CUST-1724,Sandra Patel,42,72200.0,1,Month-to-Month,30.64,23.78,4,2024-11-30 13:30:00,London,Yes,0,1,1,0,0,0,0,0,0,0,0,0,0,0.32106855422943625,0.08058119772053188,0.001959117227379528
CUST-2428,Anthony Gupta,36,71302.0,16,One Year,104.68,1661.59,4,2023-04-17 00:00:00,Toronto,Yes,1,1,1,0,0,0,0,0,0,0,0,1,0,0.31412928826159026,0.5740660512547073,0.13689022682260513
CUST-1145,Pooja Davis,34,92605.0,0,Two Year,100.66,0.0,1,2022-06-27 00:00:00,Los Angeles,No,2,0,1,0,0,0,0,0,0,0,0,1,0,0.4787475320400128,0.5472723031292699,0.0
CUST-1502,Priya Martinez,23,87396.0,24,Two Year,61.56,1468.03,2,2023-05-27 00:00:00,Singapore,No,2,0,1,0,0,0,1,0,1,0,0,0,0,0.43849515294590385,0.28666644449628426,0.12094377053448144
CUST-2133,Anthony Smith,45,95112.0,19,One Year,75.24,1427.49,3,2024-12-24 00:00:00,Chicago,Yes,1,1,1,0,0,0,0,0,0,0,0,0,0,0.4981202934892221,0.3778451694604592,0.1176038793486965
CUST-1740,Charles Sharma,18,49573.0,55,Two Year,168.585,12138.12,4,2024-04-07 00:00:00,New York,Yes,2,1,1,0,0,1,0,0,1,0,0,1,0,0.1462191432556594,1.0,1.0
CUST-2431,Mary Miller,18,87396.0,57,One Year,18.55,1057.3500000000001,3,2020-08-06 00:00:00,Phoenix,No,1,0,1,0,0,0,0,0,0,0,0,1,0,0.43849515294590385,0.0,0.08710986544868564
CUST-1869,Sandra Iyer,28,125623.0,52,Month-to-Month,55.0,2851.74,4,2023-12-18 00:00:00,New York,Yes,0,1,1,0,0,0,0,0,1,0,0,0,0,0.733893059574912,0.24294331322691373,0.23494083103478955
CUST-1732,Patricia Anderson,26,87396.0,19,Two Year,88.01,1676.16,3,2021-07-21 00:00:00,Singapore,No,2,0,0,0,0,1,0,0,0,0,0,1,0,0.43849515294590385,0.46295864298330397,0.13809057745351008
CUST-1540,Joseph Davis,48,105196.0,67,Month-to-Month,88.16,5914.87,3,2021-07-23 00:00:00,Sydney,Yes,0,1,1,0,0,0,1,0,1,0,0,1,0,0.5760440774755908,0.46395840970440233,0.4872970443528322
CUST-2495,Susan Gupta,45,98258.0,15,Two Year,100.26,1498.12,1,2024-05-16 00:00:00,Toronto,No,2,0,0,0,0,1,0,0,1,0,1,0,0,0.5224309067796937,0.5446062585396741,0.12342273762328926
CUST-1698,Elizabeth Iyer,31,87396.0,32,Two Year,109.52,3500.78,2,2023-03-04 00:00:00,Mumbai,No,2,0,1,0,0,1,0,0,1,0,1,0,0,0.43849515294590385,0.606325190788816,0.28841204403976894
CUST-2001,Michael Wilson,45,91238.0,15,One Year,70.37,1049.9,5,2022-12-01 00:00:00,Toronto,No,1,0,0,0,0,0,1,1,0,1,0,0,0,0.46818408373483966,0.3453860765821309,0.08649609659485984
CUST-2080,Barbara Gupta,35,51377.0,9,Month-to-Month,116.39,1047.48,4,2023-05-12 00:00:00,Berlin,Yes,0,1,1,0,0,0,0,1,0,0,1,0,0,0.1601594949327131,0.6521145066151232,0.08629672469871776
CUST-1932,Aditya Smith,40,70052.0,39,One Year,72.61,2830.69,5,2021-09-02 00:00:00,New York,Yes,1,1,1,0,0,1,0,0,0,0,1,0,0,0.30446995367383134,0.3603159262838671,0.23320662507867773
CUST-2119,John Rodriguez,62,114713.0,37,Two Year,113.32,1465.04,4,2024-12-19 00:00:00,Unknown,No,2,0,0,0,1,0,0,0,1,1,0,0,0,0.6495863872929521,0.6316526143899757,0.12069743914214062
CUST-1008,Patricia Johnson,28,87396.0,24,Month-to-Month,112.9,2711.18,3,2021-05-13 00:00:00,Delhi,Yes,0,1,0,1,0,1,0,1,0,0,0,0,0,0.43849515294590385,0.6288532675709002,0.2233607840423393
CUST-1919,Karen Garcia,51,80004.0,44,Two Year,115.79,5101.54,2,2022-04-06 00:00:00,Los Angeles,No,2,0,0,1,0,0,0,0,0,0,1,0,0,0.38137371192773273,0.6481154397307296,0.4202907863820756
CUST-1668,Matthew Williams,35,102052.0,67,Month-to-Month,22.66,1516.9,4,2022-01-20 00:00:00,Singapore,Yes,0,1,1,0,0,0,1,0,0,1,0,0,0,0.5517489191204596,0.027393608158096442,0.12496992944541659
CUST-2199,Margaret Hernandez,34,56263.0,38,Two Year,70.97,1897.23,4,2022-01-19 00:00:00,Unknown,No,2,0,0,1,0,0,1,0,0,1,0,0,0,0.19791590196934514,0.3493851434665245,0.15630344732133147
CUST-1358,Ananya Gonzalez,54,68497.0,63,One Year,19.93,1252.44,3,2023-08-19 00:00:00,Singapore,No,1,0,0,1,0,1,0,0,0,0,0,1,0,0.2924537414466592,0.009197853834105369,0.1031823709108165
CUST-1784,Joseph Brown,48,85527.0,18,Two Year,69.57,1253.35,3,2024-05-22 00:00:00,Phoenix,Yes,2,1,0,1,0,0,0,0,1,0,0,1,0,0.42405251587028675,0.3400539874029393,0.10325734133457239
CUST-1736,Matthew Martinez,49,68253.0,5,Two Year,168.585,3744.56,1,2020-10-19 00:00:00,Delhi,No,2,0,0,0,0,1,0,0,1,0,0,0,0,0.2905682393351287,1.0,0.30849587909824583
CUST-1330,Mark Hernandez,25,122640.0,17,Two Year,87.39,1485.63,3,2022-05-22 00:00:00,Delhi,Yes,2,1,1,0,0,1,0,1,0,1,0,0,0,0.7108420235146842,0.4588262738694305,0.12239374796096925
CUST-2086,Sneha Gonzalez,21,124776.0,67,Two Year,87.93,5889.63,1,2024-04-14 00:00:00,Phoenix,No,2,0,1,0,0,0,1,0,0,0,1,0,0,0.7273478944582465,0.46242543406538483,0.48521764490711905
CUST-2273,Vikram Iyer,46,93237.0,12,Two Year,94.25,1128.75,2,2023-02-03 00:00:00,New York,No,2,0,1,0,0,1,0,0,0,0,0,0,1,0.4836312916075837,0.5045489385809978,0.09299216023568724
CUST-1259,Charles Jones,47,160059.5,19,Two Year,28.13,528.06,4,2021-01-04 00:00:00,Toronto,No,2,0,1,0,0,0,1,0,0,0,0,0,0,1.0,0.06385176792081847,0.04350426589949678
CUST-1937,Michael Nair,42,122615.0,46,Month-to-Month,104.68,4806.11,4,2023-06-17 00:00:00,Toronto,No,0,0,0,0,0,0,1,0,0,0,0,0,1,0.7106488368229289,0.5740660512547073,0.39595176188734327
CUST-2215,Mark Verma,26,131489.0,27,Two Year,50.91,1372.48,3,2020-12-23 00:00:00,Toronto,Yes,2,1,1,0,0,0,1,1,0,0,0,0,1,0.7792223849283471,0.21568300729829706,0.11307187604011164
CUST-1373,Thomas Patel,31,101474.0,33,Two Year,85.47,2820.89,3,2020-02-18 00:00:00,Mumbai,No,2,0,0,0,0,1,0,1,0,0,0,0,0,0.5472824428070799,0.44602925983937086,0.23239925128438338
CUST-2139,Richard Kumar,35,69311.0,64,Month-to-Month,86.11,5511.04,3,2024-05-14 00:00:00,Bengaluru,No,0,0,1,0,0,0,1,0,1,0,0,1,0,0.29874390013020785,0.45029493118272407,0.4540274770722319
CUST-1986,Mark Johnson,39,50566.0,14,One Year,40.95,585.62,5,2020-08-13 00:00:00,Mumbai,No,1,0,0,0,0,0,0,0,1,0,1,0,0,0.1538925186521751,0.14929849701736264,0.048246351164760275
CUST-1143,Joseph Patel,29,92983.0,54,One Year,61.31,3310.7400000000002,5,2024-08-12 00:00:00,Mumbai,No,1,0,0,0,0,0,0,0,1,0,0,1,0,0.48166851481935113,0.2850001666277869,0.27275558323694277
CUST-1526,Ananya Davis,30,160059.5,63,Two Year,61.48,3880.12,1,2021-07-23 00:00:00,Singapore,No,2,0,0,0,0,0,1,0,0,0,0,1,0,1.0,0.286133235578365,0.3196640006854438
CUST-2175,Aditya Nair,40,55067.0,69,Two Year,99.65,6868.12,4,2020-05-25 00:00:00,Unknown,No,2,0,0,1,0,0,1,1,0,0,1,0,0,0.1886738506357774,0.5405405405405406,0.5658306228641667
CUST-1233,Arjun Hernandez,38,87396.0,72,Two Year,38.68,2784.96,3,2024-11-10 00:00:00,Chicago,No,2,0,0,0,0,1,0,0,0,0,1,0,0,0.43849515294590385,0.13416869397140666,0.229439155322241
CUST-2158,William Nair,38,40225.0,0,One Year,33.31,395.51,1,2020-08-15 00:00:00,Singapore,No,1,0,0,1,0,1,0,0,0,0,0,0,0,0.07398277547456311,0.09837704535608359,0.0325841234062606
CUST-2470,Arjun Iyer,25,111088.0,17,Two Year,56.39,958.63,3,2023-08-01 13:30:00,Chicago,Yes,2,1,1,0,0,0,1,1,0,0,0,1,0,0.6215743169884513,0.252207818175759,0.07897681024738591
CUST-1441,Betty Singh,44,74973.0,24,Month-to-Month,67.31,1608.4,4,2020-01-21 00:00:00,Chennai,No,0,0,0,0,0,1,0,1,0,0,0,0,0,0.3424968220789206,0.3249908354717233,0.1325081643615321
CUST-1532,Barbara Williams,26,61949.0,31,Month-to-Month,45.87,1412.75,5,2024-04-18 00:00:00,Sydney,No,0,0,0,1,0,1,0,1,0,0,0,1,0,0.2418542831421429,0.18209084546939044,0.11638952325401297
CUST-2243,Lisa Singh,44,39023.0,72,Month-to-Month,44.6,3211.2000000000003,2,2021-01-26 00:00:00,Phoenix,No,0,0,0,0,0,1,0,0,1,0,0,1,0,0.06469435933497414,0.17362615389742395,0.26455497226918173
CUST-1227,Christopher Gupta,38,73768.0,44,Two Year,110.96,4872.33,3,2024-01-27 00:00:00,Los Angeles,No,2,0,0,1,0,1,0,0,0,0,1,0,0,0.333185223536321,0.6159229513113607,0.40140730195450364
CUST-2089,Lisa Gupta,49,103500.0,37,Two Year,67.66,1357.83,1,2020-04-28 00:00:00,New York,No,2,0,0,0,1,0,0,1,0,0,0,1,0,0.5629382923069196,0.32732362448761954,0.11186493460272265
CUST-1229,Pooja Jones,56,111559.0,3,Two Year,64.01,194.85,5,2023-12-08 00:00:00,Unknown,No,2,0,0,1,0,1,0,0,1,0,0,0,0,0.6252139542611188,0.3029959676075583,0.016052733042678766
CUST-2323,Joseph Gupta,43,87396.0,32,One Year,106.9,3423.73,4,2022-05-02 00:00:00,Delhi,No,1,0,1,0,0,1,0,0,1,0,1,0,0,0.43849515294590385,0.5888625987269638,0.2820642735448323
CUST-2341,Matthew Anderson,48,88377.0,67,Month-to-Month,60.17,4030.8,5,2024-10-07 00:00:00,Bengaluru,No,0,0,0,1,0,1,0,0,0,0,0,1,0,0.44607579873037706,0.27740193954743897,0.3320777846981246
CUST-1213,Mary Brown,53,160059.5,51,Month-to-Month,60.17,3070.24,5,2020-09-30 16:30:00,Mumbai,No,0,0,0,0,0,0,1,0,0,0,1,0,0,1.0,0.27740193954743897,0.2529419712443113
CUST-1886,Michael Sharma,27,82260.0,61,Month-to-Month,26.71,1622.75,4,2022-11-08 00:00:00,Chennai,No,0,0,0,0,0,0,0,0,0,0,0,0,0,0.39880687899172,0.054387309627753525,0.13369039027460594
CUST-1080,Sarah Williams,33,87396.0,30,Month-to-Month,26.31,789.69,4,2021-08-03 00:00:00,Sydney,Yes,0,1,1,0,0,0,1,0,1,0,0,0,0,0.43849515294590385,0.05172126503815775,0.06505867465472412
CUST-1149,Lisa Brown,38,95194.0,63,Two Year,64.41,4048.26,3,2022-06-21 00:00:00,Hyderabad,Yes,2,1,0,0,0,0,0,0,0,0,1,0,0,0.4987539458381791,0.305662012197154,0.3335162282132653
CUST-1815,Sarah Johnson,30,98433.0,66,Two Year,23.13,1536.41,4,2021-12-20 00:00:00,London,No,2,0,1,0,0,0,0,1,0,1,0,0,0,0.52378321362198,0.030526210550871454,0.12657726237671071
CUST-2371,Charles Kumar,46,87694.0,60,One Year,70.97,3002.96,2,2024-11-10 00:00:00,Toronto,Yes,1,1,1,0,0,0,1,0,0,0,1,0,0,0.4407979383116256,0.3493851434665245,0.24739910299123752
CUST-2194,Arjun Miller,34,95875.0,70,One Year,46.4,3255.76,3,2024-05-13 00:00:00,Mumbai,No,1,0,0,0,0,0,0,0,1,0,0,1,0,0.5040163513215902,0.18562335455060486,0.26822605148078943
CUST-1556,Barbara Garcia,36,85808.0,7,Two Year,66.5,456.83,2,2020-08-22 00:00:00,Phoenix,No,2,0,1,0,0,0,0,0,1,1,0,0,0,0.42622393428561495,0.31959209517779186,0.03763597657627375
CUST-1968,Pooja Verma,44,92982.0,14,Month-to-Month,86.52,1218.69,2,2022-06-21 00:00:00,Hyderabad,Yes,0,1,0,0,0,1,0,0,0,0,0,1,0,0.48166078735168094,0.45302762688705966,0.10040187442536405
CUST-1134,Matthew Nair,37,114713.0,52,Two Year,50.27,2609.39,5,2023-07-06 00:00:00,Unknown,No,2,0,1,0,0,1,0,0,0,0,1,0,0,0.6495863872929521,0.21141733595494386,0.21497480664221474
CUST-2287,Sandra Patel,39,61794.0,45,Two Year,117.73,5297.85,4,2023-04-16 00:00:00,Unknown,No,2,0,1,0,0,1,0,0,0,1,0,0,0,0.2406565256532608,0.661045755990269,0.43646380164308807
CUST-1934,Patricia Miller,43,71902.0,55,Month-to-Month,70.97,2754.54,5,2020-11-19 00:00:00,Unknown,No,0,0,1,0,0,1,0,0,0,0,1,0,0,0.3187657688637145,0.3493851434665245,0.22693300115668652
CUST-2316,Margaret Williams,44,59779.0,37,One Year,55.26,1261.48,3,2023-02-21 00:00:00,Los Angeles,No,1,0,1,0,0,0,1,0,0,0,1,0,0,0.2250856782977934,0.24467624221015094,0.1039271320435125
CUST-1824,Jennifer Johnson,30,79724.0,5,Month-to-Month,87.11,426.59,3,2023-12-01 00:00:00,Bengaluru,No,0,0,0,1,0,0,0,0,1,0,1,0,0,0.3792100209800747,0.45696004265671347,0.03514465172530836
CUST-1409,Thomas Davis,27,83900.0,37,Two Year,50.88,1117.28,1,2021-10-02 00:00:00,New York,No,2,0,0,0,0,1,0,0,0,1,0,0,0,0.4114799259708597,0.21548305395407738,0.09204720335603865
CUST-1369,Anthony Gonzalez,46,109431.0,39,Month-to-Month,20.09,788.1,2,2024-03-05 00:00:00,New York,No,0,0,1,0,0,0,1,1,0,0,0,0,0,0.6087699030589181,0.010264271669943674,0.06492768237585392
CUST-1508,Betty Reddy,49,98664.0,65,Two Year,68.06,4432.47,4,2022-02-25 00:00:00,Singapore,No,2,0,0,0,0,0,0,0,0,0,0,1,0,0.5255682586537979,0.32998966907721533,0.3651694002036559
CUST-2222,Aarav Patel,49,98991.0,62,Month-to-Month,27.76,1727.09,1,2024-03-04 00:00:00,Chicago,No,0,0,0,1,0,0,0,0,0,0,0,1,0,0.5280951405819556,0.061385676675442404,0.14228644963140913
CUST-1505,Margaret Garcia,52,69806.0,58,Two Year,61.69,3581.23,1,2020-07-02 00:00:00,London,No,2,0,0,0,0,0,0,0,0,0,0,0,0,0.30256899662696035,0.28753290898790285,0.29503992381027705
CUST-2376,Robert Garcia,68,64485.0,0,Two Year,67.77,670.59,3,2021-10-12 00:00:00,Unknown,No,2,0,0,1,0,0,0,0,1,0,0,1,0,0.2614511411537882,0.3280567867497584,0.055246611501616395
CUST-1348,Matthew Gupta,24,119853.0,15,One Year,103.13,1539.18,3,2024-07-05 00:00:00,Singapore,Yes,1,1,0,1,0,1,0,1,0,0,0,1,0,0.6893055711178169,0.5637351284700237,0.12680546905122045
CUST-1387,Pooja Brown,41,69939.0,26,Month-to-Month,81.29,2111.08,4,2022-10-31 15:00:00,Los Angeles,No,0,0,0,1,0,0,0,0,0,0,0,1,0,0.3035967498270979,0.4181690938780952,0.17392149690396863
CUST-1001,Linda Smith,47,81240.0,4,Month-to-Month,90.28,359.51,3,2022-03-07 00:00:00,Los Angeles,No,0,0,1,0,0,1,0,0,0,0,0,1,0,0.3909248619681087,0.4780884460292599,0.029618260488444667
CUST-2031,William Johnson,21,78626.0,34,Two Year,37.89,1295.66,1,2023-09-22 00:00:00,Bengaluru,No,2,0,1,0,0,0,1,0,1,0,1,0,0,0.3707252614781873,0.12890325590695503,0.10674305411381664
CUST-1361,Aarav Verma,38,64041.0,40,One Year,50.5,2019.41,4,2022-11-22 00:00:00,Sydney,Yes,1,1,1,0,0,1,0,0,0,1,0,0,0,0.2580201455082162,0.2129503115939614,0.16636925652407455
CUST-1895,Sneha Gupta,47,95832.0,6,Two Year,77.58,466.0,4,2024-07-01 09:00:00,Houston,No,2,0,1,0,0,0,0,0,0,1,0,0,0,0.5036840702117713,0.39344153030959444,0.038391447769506315
CUST-1829,Sarah Garcia,30,60830.0,25,Two Year,32.71,818.86,3,2023-10-05 00:00:00,Los Angeles,No,2,0,0,0,0,0,0,0,1,1,0,0,0,0.23320724681918112,0.09437797847168994,0.06746184746896554
CUST-2462,Michael Garcia,41,123264.0,15,Two Year,39.11,578.38,3,2023-10-11 00:00:00,London,Yes,2,1,1,0,0,1,0,0,0,0,0,0,0,0.7156639633408933,0.1370346919052221,0.047649883177955064
CUST-1476,Anthony Gupta,18,62052.0,61,Two Year,78.83,4803.9,4,2021-02-05 00:00:00,Toronto,No,2,0,0,0,1,0,0,0,1,1,0,0,0,0.24265021231217423,0.4017729196520812,0.39576969085822183
CUST-2324,Arjun Singh,54,85712.0,3,Two Year,168.585,3753.23,2,2022-04-09 00:00:00,Houston,No,2,0,0,1,0,1,0,0,1,0,0,0,0,0.42548209738927506,1.0,0.3092101577509532
CUST-1058,Sandra Rodriguez,38,64392.0,38,One Year,101.41,3845.31,3,2023-04-15 00:00:00,Phoenix,Yes,1,1,1,0,0,1,0,0,0,0,1,0,0,0.26073248666045895,0.5522711367347619,0.31679617601407795
CUST-1638,Thomas Iyer,40,84504.0,70,Month-to-Month,76.1,5334.61,5,2020-11-03 00:00:00,Phoenix,No,0,0,0,1,0,0,0,0,1,0,0,1,0,0.4161473164436648,0.3835771653280901,0.4394922772225023
CUST-2350,Karen Jones,56,61340.0,8,Month-to-Month,112.56,903.67,4,2024-02-23 00:00:00,Sydney,No,0,0,1,0,0,0,0,0,0,0,1,0,0,0.23714825533098677,0.6265871296697437,0.07444892619285358
CUST-2084,Pooja Smith,41,121720.0,69,Month-to-Month,68.84,4749.72,1,2024-11-25 00:00:00,Sydney,Yes,0,1,1,0,0,0,0,1,0,0,0,1,0,0.7037327532580936,0.3351884560269271,0.39130606716690886
CUST-2014,Robert Lopez,30,86487.0,45,One Year,94.62,4257.900000000001,5,2024-09-26 00:00:00,London,No,1,0,1,0,0,0,0,0,0,0,0,0,0,0.43147088483368556,0.5070150298263739,0.35078743660468015
CUST-1173,Karen Gonzalez,18,52067.0,38,One Year,48.46,1833.62,2,2020-12-19 00:00:00,Sydney,No,1,0,0,0,0,0,0,0,1,0,0,1,0,0.165491447625156,0.19935348418702303,0.1510629323157128
CUST-1451,Betty Jones,46,99221.0,37,Month-to-Month,97.26,1079.41,2,2021-07-12 00:00:00,London,Yes,0,1,1,0,0,0,0,0,1,0,0,1,0,0.5298724581461032,0.5246109241177059,0.08892728033665839
CUST-1126,William Rodriguez,61,113129.0,37,One Year,56.1,615.28,3,2024-05-22 00:00:00,Hyderabad,No,1,0,0,1,0,1,0,0,1,0,0,1,0,0.637346078503344,0.25027493584830207,0.0506898926687164
CUST-1039,Aditya Reddy,60,90787.0,61,Month-to-Month,70.97,3046.21,5,2023-08-19 00:00:00,Berlin,No,0,0,0,0,0,1,0,0,1,0,0,0,0,0.4646989958155763,0.3493851434665245,0.25096225774666914
CUST-1531,Karen Patel,42,80829.0,28,Two Year,114.39,3201.19,5,2020-04-25 00:00:00,Phoenix,No,2,0,1,0,0,0,1,1,0,0,1,0,0,0.3877488727556536,0.6387842836671443,0.26373029760786676
CUST-1858,Christopher Wilson,41,81206.0,66,Month-to-Month,70.97,3300.24,5,2020-11-22 00:00:00,Singapore,Yes,0,1,0,0,0,1,0,0,0,1,0,0,0,0.3906621280673217,0.3493851434665245,0.2718905398859131
CUST-1714,Matthew Brown,37,160059.5,10,One Year,59.7,606.32,3,2021-11-16 00:00:00,New York,No,1,0,1,0,0,1,0,1,0,1,0,0,0,1.0,0.27426933715466395,0.04995172234250444
CUST-1091,Matthew Lopez,29,160059.5,4,One Year,113.57,460.49,3,2024-01-04 00:00:00,Unknown,No,1,0,1,0,0,0,0,0,0,1,0,0,0,1.0,0.633318892258473,0.037937505972918374
CUST-2499,Joseph Brown,35,52520.0,47,Month-to-Month,70.97,2351.54,4,2020-04-13 00:00:00,Houston,Yes,0,1,0,0,0,0,1,0,0,0,1,0,0,0.16899199047975982,0.3493851434665245,0.1937318134933581
CUST-1876,David Jones,18,87396.0,53,One Year,95.27,5043.79,3,2022-10-02 00:00:00,Chennai,No,1,0,0,0,0,0,1,0,1,0,1,0,0,0.43849515294590385,0.5113473522844669,0.41553304795141255
CUST-1787,Pooja Gupta,39,92506.0,11,Month-to-Month,93.57,1037.85,5,2023-09-16 00:00:00,Delhi,No,0,0,1,0,0,1,0,0,0,0,0,0,0,0.47798251274066234,0.500016662778685,0.08550335636820199
CUST-1415,Nancy Verma,60,117476.0,18,Two Year,168.585,12138.12,2,2021-11-23 00:00:00,Mumbai,No,2,0,1,0,0,0,0,0,0,1,0,0,0,0.6709373804657345,1.0,1.0
CUST-1252,Barbara Singh,33,115320.0,37,Month-to-Month,110.03,4071.11,1,2022-01-19 00:00:00,Sydney,Yes,0,1,0,0,0,0,0,0,1,0,1,0,0,0.6542769601687679,0.6097243976405505,0.33539872731526793
CUST-1070,Jennifer Kumar,54,98629.0,35,Month-to-Month,67.04,2346.4,2,2023-02-05 00:00:00,Mumbai,No,0,0,0,1,0,1,0,0,0,0,1,0,0,0.5252977972853407,0.3231912553737462,0.19330835417675885
CUST-1804,Robert Brown,53,97414.0,65,Month-to-Month,113.66,7392.35,4,2023-06-28 00:00:00,Berlin,Yes,0,1,0,0,0,0,0,0,1,0,1,0,0,0.5159089240660389,0.633918752291132,0.6090193539032404
CUST-1132,Lisa Nair,35,93569.0,27,Month-to-Month,36.53,987.83,4,2021-03-26 00:00:00,Sydney,No,0,0,1,0,0,1,0,0,0,0,0,1,0,0.4861968108740925,0.11983870430232946,0.08138245461405885
CUST-2056,Ananya Wilson,58,89407.0,70,Month-to-Month,21.27,1493.72,2,2023-08-20 00:00:00,Chennai,No,0,0,0,0,0,1,0,0,0,1,0,0,0,0.4540350904306904,0.01812910320925117,0.12306024326666731
CUST-1327,Elizabeth Brown,55,83234.0,69,Two Year,46.75,3224.28,1,2023-07-16 00:00:00,Phoenix,No,2,0,0,0,0,1,0,0,1,0,0,1,0,0.40633343250250176,0.18795614356650114,0.2656325691293215
CUST-2179,Susan Hernandez,44,67560.0,27,Two Year,58.46,1573.04,3,2020-12-15 00:00:00,Phoenix,Yes,2,1,1,0,0,1,0,0,1,0,0,0,0,0.28521310423967516,0.266004598926917,0.12959502789558844
CUST-1500,Charles Johnson,31,67265.0,55,Two Year,86.38,4748.34,3,2023-07-01 00:00:00,Sydney,No,2,0,0,0,0,1,0,0,1,0,0,0,0,0.28293350127696404,0.45209451128070116,0.3911923757550593
CUST-1342,Jennifer Reddy,41,70904.0,2,Month-to-Month,49.36,107.57,3,2021-05-05 00:00:00,Singapore,Yes,0,1,1,0,0,0,0,0,1,0,0,1,0,0.3110537561288478,0.20535208451361348,0.008862163168596124
CUST-1833,Pooja Wilson,18,87748.0,30,Month-to-Month,88.13,2650.57,5,2021-01-20 00:00:00,Phoenix,Yes,0,1,0,0,0,1,0,1,0,0,1,0,0,0.4412152215658168,0.46375845636018265,0.21836742427987202
CUST-1365,Christopher Lopez,28,128999.0,26,One Year,32.56,845.11,3,2020-10-14 00:00:00,Singapore,No,1,0,0,1,0,0,0,0,0,0,1,0,0,0.7599809904295313,0.09337821175059154,0.06962445584653966
CUST-1496,Aarav Williams,60,83086.0,20,Month-to-Month,114.75,2300.05,2,2021-04-01 00:00:00,Unknown,Yes,0,1,1,0,0,1,0,0,1,0,1,0,0,0.4051897672873111,0.6411837237977805,0.18948980567007082
CUST-2441,Karen Williams,21,108093.0,72,Two Year,95.66,6886.09,4,2020-04-06 00:00:00,Singapore,No,2,0,0,1,0,0,0,0,0,0,1,0,0,0.598430551316181,0.5139467457593229,0.5673110827706432
CUST-1339,Priya Singh,44,52429.0,60,Two Year,106.35,6374.82,1,2024-05-11 00:00:00,Phoenix,Yes,2,1,0,0,0,0,1,0,1,0,0,0,0,0.168288790921771,0.5851967874162696,0.5251900623819833
CUST-1422,Robert Sharma,43,58837.0,29,Two Year,105.78,3058.17,2,2023-10-26 00:00:00,Singapore,No,2,0,0,0,0,0,1,0,1,0,0,0,1,0.2178064037524583,0.5813976738760956,0.25194758331603245
CUST-1165,Margaret Singh,22,157850.0,8,Two Year,100.78,813.46,4,2024-04-22 00:00:00,Hyderabad,No,2,0,1,0,0,1,0,0,0,1,0,0,0,0.9829261601826773,0.5480721165061486,0.06701696803129314
CUST-1029,Patricia Nair,31,141799.0,33,One Year,49.47,1634.1,2,2024-06-17 00:00:00,Chicago,No,1,0,0,1,0,1,0,0,1,0,0,0,0,0.8588925766081826,0.20608524677575232,0.13462546094452846
CUST-1517,James Rodriguez,30,68274.0,15,Two Year,94.66,1414.46,3,2024-06-27 00:00:00,Phoenix,Yes,2,1,1,0,0,0,0,0,0,0,1,0,0,0.29073051615620304,0.5072816342853335,0.11653040174260923
CUST-2474,Ananya Garcia,50,110165.0,39,One Year,57.27,2232.51,5,2023-11-10 00:00:00,Berlin,No,1,0,0,0,0,1,0,0,0,0,0,0,1,0.6144418643288501,0.25807311627286966,0.18392551729592393
CUST-2408,Michael Sharma,33,70117.0,35,Month-to-Month,33.93,1178.58,3,2021-12-02 00:00:00,Los Angeles,No,0,0,1,0,0,1,0,0,0,0,1,0,0,0.3049722390723948,0.10250941446995701,0.09709740882443078
CUST-1946,Nancy Lopez,18,87947.0,39,One Year,68.02,2649.07,3,2023-09-22 00:00:00,New York,Yes,1,1,1,0,0,1,0,0,1,0,1,0,0,0.442752987632188,0.32972306461825573,0.21824384665829635
CUST-2407,Mary Kumar,39,63887.0,27,Month-to-Month,28.91,772.66,5,2022-07-15 00:00:00,Mumbai,No,0,0,1,0,0,0,1,0,1,0,0,0,1,0.25683011548700435,0.0690505548705302,0.06365565672443507
CUST-1170,Jessica Kumar,39,83669.0,37,Two Year,53.74,477.52,1,2020-10-05 00:00:00,London,No,2,0,0,0,0,1,0,0,0,0,1,0,0,0.4096948809390419,0.23454527276968706,0.039340523903207414
CUST-1168,Neha Smith,41,135428.0,15,One Year,99.49,1496.37,5,2021-08-25 00:00:00,Houston,Yes,1,1,0,1,0,0,0,0,1,0,0,0,0,0.809660880081293,0.5394741227047022,0.12327856373145098
CUST-1174,Mary Johnson,48,160059.5,67,Two Year,25.72,1723.02,3,2020-05-27 00:00:00,Chicago,No,2,0,0,0,0,0,1,0,1,0,1,0,0,1.0,0.047788849268504005,0.14195114235153383
CUST-1519,Jessica Gupta,45,113923.0,69,Month-to-Month,19.76,1369.46,2,2020-07-20 00:00:00,Mumbai,Yes,0,1,0,0,0,0,0,1,0,0,0,0,0,0.6434816878334886,0.008064784883527182,0.1128230730953393
CUST-2377,Margaret Anderson,46,89377.0,62,Two Year,104.58,6493.91,1,2023-12-08 00:00:00,Bengaluru,No,2,0,0,0,1,1,0,0,0,0,0,0,0,0.4538032664005842,0.5733995401073083,0.5350013016842805
CUST-1913,Jennifer Rodriguez,40,144886.0,46,One Year,19.2,883.1999999999999,2,2021-09-13 00:00:00,Phoenix,No,1,0,0,1,0,0,0,0,0,0,0,0,1,0.882747269306112,0.004332322458093102,0.07276250358375101
CUST-1492,Mary Hernandez,48,60205.0,13,One Year,70.97,651.06,5,2021-06-18 00:00:00,Los Angeles,No,1,0,0,1,0,0,1,0,0,0,0,0,0,0.22837757952530166,0.3493851434665245,0.05363763086870124
CUST-1074,Nancy Iyer,41,139889.0,72,Two Year,37.19,2675.59,3,2021-04-09 00:00:00,Los Angeles,No,2,0,0,1,0,0,1,0,0,0,1,0,0,0.8441331133580869,0.12423767787516245,0.22042869900775408
CUST-2296,Mary Martinez,48,56610.0,49,Month-to-Month,104.03,5099.34,2,2020-05-04 00:00:00,Unknown,No,0,0,0,0,0,0,1,0,0,0,0,0,1,0.200597333250907,0.5697337287966142,0.42010953920376465
CUST-1588,Margaret Rodriguez,48,79175.0,24,One Year,104.64,2511.36,3,2020-02-06 00:00:00,Mumbai,No,1,0,1,0,0,1,0,0,0,0,1,0,0,0.374967641229131,0.5737994467957477,0.20689859714683986
CUST-1751,Linda Iyer,62,71785.0,18,Two Year,32.42,585.04,3,2023-12-03 00:00:00,Phoenix,No,2,0,0,1,0,0,0,0,0,1,0,0,0,0.31786165514630027,0.09244509614423302,0.04819856781775101
CUST-1658,Barbara Lopez,42,54030.0,33,Two Year,93.29,3080.56,3,2022-01-21 00:00:00,Berlin,No,2,0,1,0,0,1,0,0,0,0,1,0,0,0.1806604666617726,0.498150431565968,0.25379218528075187
CUST-1235,Mary Garcia,34,73105.0,15,Month-to-Month,55.83,837.99,2,2021-04-18 00:00:00,Chennai,No,0,0,0,0,1,0,0,1,0,0,1,0,0,0.3280619124709737,0.24847535575032495,0.0690378740694605
CUST-1733,William Jones,51,60267.0,17,Month-to-Month,118.03,2013.49,4,2023-12-24 00:00:00,Bengaluru,No,0,0,0,0,1,1,0,0,0,0,0,0,0,0.2288566825208545,0.6630452894324658,0.16588153684425594
CUST-2223,Sandra Rodriguez,41,160059.5,45,One Year,106.55,4799.44,4,2021-01-18 00:00:00,New York,Yes,1,1,0,0,0,0,1,0,1,0,0,0,0,1.0,0.5865298097110674,0.39540225339673685
CUST-2269,Christopher Iyer,55,99685.0,70,One Year,94.66,6623.87,2,2019-03-02 09:00:00,Bengaluru,No,1,0,0,0,0,1,0,0,0,0,0,0,0,0.5334580031450793,0.5072816342853335,0.5457080668175961
CUST-1935,Ananya Nair,54,108140.0,17,Month-to-Month,52.46,880.43,3,2023-02-18 00:00:00,New York,No,0,0,1,0,0,1,0,0,0,0,0,0,0,0.5987937422966807,0.22601393008298062,0.07253429690924129
CUST-1109,Aditya Kumar,34,131627.0,32,Two Year,79.94,2558.08,3,2023-06-08 00:00:00,Hyderabad,No,2,0,0,0,0,0,1,1,0,0,1,0,0,0.7802887754668356,0.40917119338820945,0.21074762813351655
CUST-1569,David Garcia,18,87396.0,53,Two Year,96.31,5104.43,5,2020-07-31 19:30:00,Houston,Yes,2,1,1,0,0,0,1,0,1,0,0,0,0,0.43849515294590385,0.518279068217416,0.42052887926631144
CUST-1891,Sneha Rodriguez,36,97963.0,44,One Year,108.43,4778.21,5,2024-08-16 00:00:00,Hyderabad,Yes,1,1,0,1,0,0,0,0,0,0,1,0,0,0.5201513038169826,0.5990602192821676,0.393653218126036
CUST-1948,Michael Gupta,33,107045.0,16,Month-to-Month,54.14,873.59,5,2024-08-04 00:00:00,Mumbai,No,0,0,1,0,0,1,0,0,1,0,0,1,0,0.5903321651978038,0.23721131735928286,0.07197078295485627
CUST-2365,Patricia Verma,48,156111.0,23,Month-to-Month,101.57,2329.39,2,2023-11-27 00:00:00,Unknown,No,0,0,1,0,0,0,1,0,0,0,0,0,0,0.9694880939041871,0.5533375545706002,0.19190698394809078
CUST-1885,James Singh,41,37875.0,37,Month-to-Month,47.09,375.21,3,2021-11-30 19:30:00,Berlin,Yes,0,1,0,0,0,1,0,0,0,0,0,0,0,0.055823226449576345,0.19022228146765757,0.030911706260936617
CUST-2308,Thomas Hernandez,46,92289.0,7,One Year,70.97,352.73,2,2021-05-21 00:00:00,Berlin,No,1,0,1,0,0,0,1,0,0,0,1,0,0,0.4763056522562274,0.3493851434665245,0.029059689638922668
CUST-1851,Elizabeth Anderson,52,81266.0,58,Two Year,71.16,4127.28,5,2022-02-06 00:00:00,Phoenix,No,2,0,0,0,0,0,1,0,0,0,0,0,0,0.39112577612753413,0.35065151464658245,0.34002629731787126
CUST-1735,Rohit Reddy,38,141051.0,35,Month-to-Month,87.38,3052.12,5,2020-02-04 00:00:00,Unknown,No,0,0,0,0,1,1,0,0,0,0,0,1,0,0.8531124307908676,0.45875962275469057,0.25144915357567726
CUST-1718,Michael Singh,53,70662.0,22,Two Year,62.28,1370.16,1,2024-08-17 00:00:00,Hyderabad,Yes,2,1,0,0,0,0,0,0,1,0,0,1,0,0.3091837089526577,0.2914653247575566,0.11288074265207462
CUST-1455,Robert Brown,42,41618.0,5,Two Year,107.7,530.37,2,2020-08-23 00:00:00,Sydney,No,2,0,1,0,0,0,0,0,0,0,0,1,0,0.08474713793916165,0.5941946879061553,0.04369457543672331
CUST-1265,Jessica Gupta,35,59255.0,30,Month-to-Month,103.24,3088.73,4,2020-07-22 00:00:00,Delhi,No,0,0,1,0,0,1,0,0,1,1,0,0,0,0.2210364852386049,0.5644682907321625,0.25446527139293396
CUST-1076,Barbara Hernandez,26,101038.0,72,One Year,102.7,7386.05,3,2021-08-19 00:00:00,Hyderabad,Yes,1,1,0,1,0,0,0,0,0,0,0,1,0,0.5439132669028696,0.5608691305362082,0.6085003278926225
CUST-1445,Linda Anderson,19,77436.0,36,Two Year,99.36,3571.97,2,2024-12-18 00:00:00,Sydney,No,2,0,0,0,0,0,1,1,0,0,0,0,0,0.3615295749506408,0.5386076582130837,0.2942770379597499
CUST-1396,Patricia Hernandez,61,101844.0,37,One Year,89.04,362.21,4,2021-09-18 00:00:00,Phoenix,No,1,0,0,1,0,0,1,0,1,0,0,1,0,0.5501416058450566,0.46982370780151306,0.02984070020728086
CUST-1177,John Johnson,57,87396.0,5,One Year,25.6,119.22,1,2021-12-14 00:00:00,Houston,No,1,0,1,0,0,1,0,0,1,0,0,0,0,0.43849515294590385,0.04698903589162529,0.009821949362833782
CUST-2043,Priya Williams,41,69697.0,2,Two Year,104.76,201.02,3,2022-07-23 00:00:00,Unknown,No,2,0,0,0,0,1,0,0,0,0,1,0,0,0.3017267026509078,0.5745992601726264,0.016561048992759998
CUST-2354,David Singh,47,72397.0,44,One Year,83.05,3659.96,3,2022-09-16 00:00:00,Hyderabad,No,1,0,1,0,0,0,1,0,1,0,1,0,0,0.32259086536046705,0.4298996900723165,0.3015261012413784
CUST-2235,James Nair,47,100313.0,35,Two Year,98.29,3448.51,3,2024-01-12 00:00:00,Toronto,No,2,0,0,1,0,0,0,0,1,0,1,0,0,0.5383108528419694,0.5314759889359151,0.2841057758532623
CUST-1596,Christopher Johnson,51,90962.0,68,Two Year,26.41,1796.07,3,2020-11-11 00:00:00,Sydney,No,2,0,0,0,0,0,0,0,1,0,0,0,0,0.4660513026578625,0.0523877761855567,0.14796937252226866
CUST-1062,Neha Smith,41,79302.0,52,Two Year,118.1,6149.53,2,2024-04-14 00:00:00,Chennai,No,2,0,0,0,1,0,0,1,0,0,1,0,0,0.37594902962324733,0.663511847235645,0.5066295274721291
CUST-1873,Daniel Jones,42,49208.0,56,Month-to-Month,42.83,2402.13,5,2024-12-21 00:00:00,Mumbai,No,0,0,0,1,0,0,1,0,1,1,0,0,0,0.1433986175560338,0.1618289065884627,0.19789967474370002
CUST-2157,Sneha Sharma,63,160059.5,55,Two Year,82.78,4547.85,5,2022-06-01 00:00:00,London,No,2,0,0,0,0,1,0,0,0,1,0,0,0,1.0,0.42810010997433934,0.374674990855256
CUST-2453,Nancy Gupta,43,160059.5,43,Month-to-Month,44.19,1901.01,5,2020-10-09 00:00:00,Chennai,No,0,0,0,0,0,0,1,0,0,1,0,0,0,1.0,0.17089345819308827,0.15661486292770213
CUST-1279,Anthony Nair,60,33394.0,69,Two Year,76.43,5278.64,4,2021-02-02 00:00:00,Singapore,Yes,2,1,0,0,0,1,0,0,1,0,1,0,0,0.021196443819378172,0.3857766521145067,0.43488118423610905
CUST-1037,Pooja Sharma,57,87396.0,28,Two Year,70.97,1393.51,3,2020-01-07 00:00:00,Mumbai,No,2,0,1,0,0,0,0,0,0,0,1,0,0,0.43849515294590385,0.3493851434665245,0.11480443429460245
CUST-1663,Arjun Williams,40,67679.0,31,Two Year,45.37,1415.9,1,2020-06-27 00:00:00,Sydney,Yes,2,1,0,1,0,0,1,0,0,1,0,0,0,0.2861326728924298,0.17875828973239577,0.11664903625932187
CUST-2398,Barbara Davis,45,129115.0,40,Month-to-Month,70.97,2003.25,1,2022-12-20 00:00:00,Berlin,Yes,0,1,0,1,0,1,0,0,0,0,1,0,0,0.7608773766792754,0.3493851434665245,0.1650379136142994
CUST-2121,Sneha Singh,44,56339.0,9,One Year,35.17,317.77,5,2024-04-01 01:30:00,Los Angeles,No,1,0,1,0,0,0,0,1,0,1,0,0,0,0.19850318951228088,0.11077415269770388,0.026179507205399185
CUST-1978,Anthony Sharma,48,55639.0,43,Two Year,63.55,2739.04,1,2022-06-03 00:00:00,Bengaluru,No,2,0,0,1,0,0,1,0,0,0,0,0,0,0.19309396214313587,0.2999300163295231,0.22565603240040466
CUST-1192,Michael Garcia,33,64168.0,16,Two Year,74.35,1189.6,3,2023-04-18 00:00:00,Bengaluru,No,2,0,1,0,0,1,0,0,1,0,1,0,0,0.25900153390233255,0.3719132202486086,0.09800529241760667
CUST-1920,David Garcia,22,47851.0,19,One Year,40.05,770.9,1,2020-01-07 00:00:00,New York,No,1,0,0,0,0,1,0,0,0,1,0,0,0,0.1329124439275627,0.14329989669077214,0.0635106589817863
CUST-1457,Karen Gupta,47,81376.0,69,Two Year,33.91,2339.79,5,2024-10-11 00:00:00,Chennai,No,2,0,0,0,0,1,0,0,1,0,1,0,0,0.3919757975712569,0.1023761122404772,0.19276378879101538
CUST-1676,Charles Davis,23,88958.0,58,Month-to-Month,91.28,5284.92,1,2020-03-01 15:00:00,Mumbai,No,0,0,0,0,0,0,1,0,0,0,1,0,0,0.4505654574467674,0.4847535575032493,0.4353985625451058
CUST-1761,Mary Lopez,41,65297.0,11,Month-to-Month,23.62,253.37,5,2024-01-07 00:00:00,Mumbai,Yes,0,1,0,0,0,0,0,1,0,0,0,0,1,0.2677258449019964,0.033792115173126275,0.020873907985750676
CUST-2399,Joseph Gonzalez,44,87396.0,24,Month-to-Month,110.36,2653.46,3,2020-10-09 00:00:00,Sydney,Yes,0,1,0,0,0,0,0,1,0,1,0,0,0,0.43849515294590385,0.6119238844269671,0.21860551716410778
CUST-1729,Richard Gupta,31,44135.0,56,One Year,61.4,3455.44,2,2022-06-12 00:00:00,Houston,No,1,0,1,0,0,0,1,0,0,0,0,0,0,0.104197174065073,0.28560002666044587,0.28467670446494187
CUST-1413,Aditya Sharma,26,77195.0,60,Month-to-Month,114.68,6885.0,2,2021-12-15 00:00:00,New York,No,0,0,1,0,0,1,0,0,0,0,0,1,0,0.3596672552421209,0.6407171659946014,0.5672212830322982
CUST-1826,Karen Jones,41,91998.0,4,Two Year,73.07,292.28,2,2020-08-02 00:00:00,Toronto,No,2,0,1,0,0,1,0,0,0,0,0,1,0,0.4740569591641971,0.3633818775619022,0.0240795114894234
CUST-1617,Thomas Reddy,41,90965.0,64,Two Year,43.47,2780.66,1,2024-09-09 00:00:00,New York,No,2,0,1,0,0,1,0,0,0,0,0,1,0,0.4660744850608731,0.1660945779318159,0.22908489947372407
CUST-1115,Vikram Kumar,42,87118.0,66,Month-to-Month,34.63,2275.69,5,2022-08-26 00:00:00,Sydney,No,0,0,0,1,0,0,1,0,1,0,0,1,0,0.4363469169335863,0.10717499250174961,0.18748290509568202
CUST-1418,Jennifer Sharma,41,88858.0,5,Two Year,59.66,298.29999999999995,3,2021-08-09 00:00:00,Berlin,Yes,2,1,0,0,0,1,0,1,0,0,0,0,0,0.4497927106797467,0.27400273269570435,0.024575469677347063
CUST-2475,Anthony Martinez,39,98771.0,45,Month-to-Month,53.04,2386.11,2,2021-08-25 00:00:00,Phoenix,Yes,0,1,0,1,0,1,0,0,0,0,1,0,0,0.52639509769451,0.22987969473789446,0.19657986574527192
CUST-1970,Lisa Lopez,28,97396.0,8,One Year,51.56,419.21,1,2021-04-17 00:00:00,Toronto,No,1,0,0,0,0,0,1,0,1,0,0,0,0,0.5157698296479752,0.2200153297563902,0.034536649827156096
CUST-1605,Sneha Williams,41,93538.0,39,Month-to-Month,168.585,12138.12,2,2020-10-09 00:00:00,Sydney,No,0,0,1,0,0,1,0,1,0,0,1,0,0,0.48595725937631606,1.0,1.0
CUST-2481,William Verma,59,66541.0,70,Month-to-Month,91.49,6397.33,3,2022-07-06 00:00:00,New York,No,0,0,0,0,0,1,0,0,1,0,1,0,0,0.27733881468373406,0.486153230912787,0.5270445505564288
CUST-1090,Ananya Davis,19,90452.0,63,Two Year,21.11,1320.52,2,2020-04-22 00:00:00,Sydney,No,2,0,0,0,0,1,0,0,0,0,0,1,0,0.46211029414605687,0.01706268537341286,0.10879114722873064
CUST-1849,Matthew Williams,22,63556.0,17,One Year,107.56,1826.7,3,2022-02-09 00:00:00,Hyderabad,No,1,0,0,0,0,0,0,0,0,1,0,0,0,0.25427232368816577,0.5932615722997968,0.15049282755484375
CUST-2183,Christopher Iyer,45,63664.0,12,Two Year,57.29,695.02,5,2023-12-31 18:00:00,Mumbai,No,2,0,0,0,0,0,0,0,1,1,0,0,0,0.25510689019654814,0.25820641850234943,0.057259279031678705
CUST-2480,Sarah Brown,49,67966.0,33,One Year,38.73,1278.22,5,2022-04-01 13:30:00,Delhi,No,1,0,1,0,0,1,0,0,0,0,1,0,0,0.28835045611377924,0.1345019495451061,0.10530625830029691
CUST-1754,Vikram Rodriguez,28,61985.0,26,One Year,32.72,847.01,3,2021-06-18 00:00:00,New York,No,1,0,0,0,0,0,1,0,1,0,0,1,0,0.24213247197827037,0.09444462958642982,0.0697809875005355
CUST-1012,Thomas Johnson,75,97996.0,25,Two Year,72.48,1816.84,1,2022-09-10 00:00:00,Toronto,No,2,0,0,0,0,1,0,1,0,0,0,0,1,0.5204063102500995,0.3594494617922485,0.14968051065568636
CUST-1397,Michael Johnson,40,96256.0,57,One Year,113.4,6471.51,4,2021-02-26 00:00:00,London,No,1,0,1,0,0,0,1,0,1,0,0,1,0,0.506960516503939,0.6321858233078949,0.5331558758687507
CUST-1285,Mark Iyer,54,87396.0,52,Two Year,69.88,3630.03,1,2021-12-27 00:00:00,Los Angeles,No,2,0,0,1,0,1,0,0,1,1,0,0,0,0.43849515294590385,0.34212017195987604,0.29906031576553865
CUST-2067,Daniel Jones,50,56612.0,20,Month-to-Month,104.4,2096.78,1,2020-05-23 00:00:00,Bengaluru,No,0,0,0,0,0,1,0,0,1,1,0,0,0,0.20061278818624742,0.5721998200419903,0.17274339024494734
CUST-1691,Margaret Gupta,44,94971.0,59,One Year,118.4,6982.69,2,2020-06-11 00:00:00,Unknown,No,1,0,0,1,0,0,1,0,1,1,0,0,0,0.4970307205477229,0.6655113806778419,0.5752694816001159
CUST-2272,Jessica Jones,36,75621.0,54,Month-to-Month,63.97,3446.17,3,2020-08-20 00:00:00,Mumbai,No,0,0,0,0,0,1,0,0,1,0,1,0,0,0.34750422112921486,0.30272936314859866,0.2839129947636042
CUST-2450,Michael Jones,22,114659.0,6,Two Year,23.56,134.19,1,2024-08-17 00:00:00,Los Angeles,No,2,0,0,0,0,1,0,0,0,0,1,0,0,0.6491691040387609,0.033392208484686894,0.01105525402615891
CUST-1690,Nancy Kumar,43,75223.0,13,One Year,67.47,874.87,2,2021-08-25 00:00:00,Bengaluru,Yes,1,1,0,0,0,0,1,1,0,0,0,0,0,0.3444286889964724,0.3260572533075616,0.07207623585860083
CUST-1852,Margaret Anderson,40,87396.0,51,Month-to-Month,83.06,4241.8,3,2022-08-10 00:00:00,Chennai,No,0,0,0,0,0,1,0,0,1,0,1,0,0,0.43849515294590385,0.4299663411870564,0.349461036799768
CUST-1160,Mark Verma,39,119531.0,40,Two Year,112.54,4494.25,3,2020-11-28 00:00:00,Delhi,No,2,0,0,0,0,0,0,1,0,0,0,0,0,0.6868173265280101,0.626453827440264,0.37025915051095226
CUST-1896,Sandra Williams,49,63190.0,49,One Year,93.58,4578.14,4,2020-12-08 00:00:00,Berlin,No,1,0,1,0,0,0,0,0,1,0,1,0,0,0.25144407052087,0.5000833138934249,0.3771704349602739
CUST-2230,Elizabeth Gupta,34,39303.0,6,Month-to-Month,39.07,236.73,3,2021-07-10 00:00:00,London,Yes,0,1,0,0,0,1,0,0,0,0,1,0,0,0.06685805028263213,0.13676808744626254,0.019503020237071306
CUST-1258,Susan Kumar,51,92113.0,21,Two Year,117.78,2471.2,2,2022-10-28 00:00:00,Toronto,No,2,0,0,0,0,1,0,0,0,0,0,1,0,0.47494561794627094,0.6613790115639685,0.20359001229185406
CUST-1336,David Jones,37,89501.0,43,Two Year,19.48,830.65,5,2021-06-01 04:30:00,Los Angeles,Yes,2,1,0,0,0,0,1,0,0,0,1,0,0,0.4547614723916899,0.0061985536708101426,0.06843316757455026
CUST-2454,Arjun Anderson,36,133587.0,17,One Year,44.28,752.76,3,2023-12-26 00:00:00,Los Angeles,Yes,1,1,0,0,0,1,0,0,1,1,0,0,0,0.7954346121004416,0.17149331822574734,0.06201619361153127
CUST-2040,Anthony Wilson,41,78987.0,0,Two Year,20.49,0.0,5,2024-11-06 00:00:00,Chicago,No,2,0,1,0,0,0,1,0,0,1,0,0,0,0.37351487730713206,0.012930316259539425,0.0
CUST-1516,William Hernandez,31,86369.0,65,Two Year,118.09,7675.85,4,2023-12-16 00:00:00,Singapore,No,2,0,1,0,0,0,1,0,1,0,0,1,0,0.43055904364860115,0.6634451961209051,0.6323755243810408
CUST-2016,Karen Sharma,29,87396.0,65,Month-to-Month,96.35,6265.94,4,2024-10-20 00:00:00,Phoenix,Yes,0,1,0,0,0,0,0,0,1,0,1,0,0,0.43849515294590385,0.5185456726763755,0.5162199747572112
CUST-1769,Neha Nair,37,138980.0,53,Two Year,168.585,12138.12,2,2020-07-07 00:00:00,Delhi,No,2,0,0,1,0,1,0,0,0,0,0,1,0,0.8371088452458687,1.0,1.0
CUST-2360,Thomas Williams,41,53951.0,37,Month-to-Month,69.98,137.7,5,2021-06-03 00:00:00,Unknown,No,0,0,0,0,1,1,0,0,0,0,1,0,0,0.18004999671582625,0.342786683107275,0.011344425660645963
CUST-1762,Betty Johnson,40,79239.0,59,One Year,33.16,1957.27,2,2020-01-28 00:00:00,Houston,No,1,0,1,0,0,1,0,0,0,0,0,0,0,0.37546219916002427,0.09737727863498515,0.16124984758760005
CUST-2138,Barbara Davis,24,58614.0,55,One Year,93.8,5150.95,4,2020-05-31 22:30:00,Hyderabad,No,1,0,0,0,0,1,0,0,0,0,0,1,0,0.21608317846200212,0.5015496384177025,0.424361433236778
CUST-1522,Matthew Singh,46,88293.0,14,Month-to-Month,21.52,294.42,5,2024-04-06 00:00:00,Unknown,Yes,0,1,0,1,0,1,0,0,0,1,0,0,0,0.44542669144607966,0.019795381077748517,0.02425581556287135
CUST-1023,Sarah Verma,18,104567.0,3,Two Year,83.81,245.06,3,2022-11-04 00:00:00,Toronto,No,2,0,0,0,0,0,0,1,0,0,0,1,0,0.5711835003110306,0.4349651747925484,0.020189287962221497
CUST-1357,Thomas Reddy,41,160059.5,47,One Year,49.05,2308.82,3,2021-01-28 00:00:00,Chennai,No,1,0,1,0,0,0,1,0,1,1,0,0,0,1.0,0.20328589995667676,0.1902123228308832
CUST-2315,Mary Iyer,49,53062.0,20,Month-to-Month,70.97,1002.71,3,2021-07-16 00:00:00,London,No,0,0,0,0,0,1,0,0,1,1,0,0,0,0.1731802779570121,0.3493851434665245,0.08260834462008944
CUST-1341,Richard Iyer,41,123145.0,47,One Year,25.01,1175.5,5,2023-03-21 00:00:00,New York,Yes,1,1,0,0,0,1,0,0,0,0,0,1,0,0.7147443946881388,0.04305662012197155,0.09684366277479543
CUST-1432,Betty Verma,69,123687.0,53,Two Year,78.63,4163.36,2,2020-04-14 00:00:00,Delhi,No,2,0,0,0,0,1,0,0,1,0,1,0,0,0.718932682165391,0.4004398973572833,0.3429987510421712
CUST-1474,Linda Rodriguez,38,85805.0,6,Two Year,70.97,300.28,3,2024-07-01 09:00:00,Chennai,No,2,0,1,0,0,0,1,0,0,0,0,1,0,0.4262007518826043,0.3493851434665245,0.02473859213782694
CUST-1218,Patricia Iyer,46,82798.0,41,Two Year,33.22,1364.9,4,2021-08-01 01:30:00,Toronto,No,2,0,0,1,0,0,0,0,0,1,0,0,0,0.40296425659829144,0.09777718532342453,0.11244739712574929
CUST-1912,Lisa Anderson,27,100687.0,16,Two Year,26.13,411.41,3,2023-06-09 00:00:00,Houston,No,2,0,1,0,0,0,1,0,1,1,0,0,0,0.5412009257506268,0.05052154497283966,0.03389404619496265
CUST-2246,Daniel Gonzalez,36,153103.0,60,One Year,40.2,2406.79,3,2022-10-01 00:00:00,Toronto,No,1,0,1,0,0,0,0,0,1,0,0,0,0,0.9462438711522041,0.1442996634118706,0.19828358922139505
CUST-2012,Vikram Reddy,51,87396.0,29,Month-to-Month,52.74,1538.05,5,2024-01-11 00:00:00,London,No,0,0,0,0,0,1,0,1,0,0,0,1,0,0.43849515294590385,0.22788016129569766,0.12671237390963344
CUST-1094,Anthony Garcia,42,72074.0,29,Month-to-Month,50.45,1454.53,5,2023-01-12 00:00:00,Chennai,Yes,0,1,1,0,0,1,0,0,0,0,0,0,0,0.3200948933029901,0.21261705602026196,0.11983157194030046
CUST-2009,Pooja Rodriguez,41,87396.0,54,Month-to-Month,70.97,3832.38,3,2020-08-02 00:00:00,Bengaluru,No,0,0,1,0,0,1,0,0,1,0,0,0,0,0.43849515294590385,0.3493851434665245,0.3157309369160957
CUST-2071,Robert Rodriguez,41,112220.0,53,Two Year,168.585,12138.12,4,2020-05-15 00:00:00,Los Angeles,Yes,2,1,1,0,0,0,0,0,0,1,0,0,0,0.6303218103911258,1.0,1.0
CUST-2093,Arjun Verma,57,75867.0,60,Two Year,91.27,5473.24,4,2020-10-21 00:00:00,Berlin,No,2,0,1,0,0,1,0,0,0,0,1,0,0,0.3494051781760858,0.48468690638850936,0.45091332100852516
CUST-1697,Linda Nair,35,87396.0,51,Two Year,103.62,5288.22,4,2024-04-14 00:00:00,New York,No,2,0,1,0,0,1,0,0,1,0,1,0,0,0.43849515294590385,0.5670010330922786,0.43567043331257227
CUST-2388,Anthony Anderson,61,83956.0,38,Two Year,168.585,12138.12,4,2024-02-03 00:00:00,Hyderabad,Yes,2,1,0,0,0,0,0,0,1,1,0,0,0,0.4119126641603913,1.0,1.0
CUST-1997,Linda Davis,37,104206.0,63,Two Year,41.46,2620.24,1,2020-07-02 00:00:00,Chennai,Yes,2,1,1,0,0,0,1,1,0,0,0,0,0,0.5683938844820858,0.15269770386909723,0.21586868477161206
CUST-2100,Mark Gupta,58,68875.0,68,One Year,96.81,6573.41,3,2021-01-17 00:00:00,Houston,No,1,0,0,1,0,0,0,0,0,1,0,0,0,0.29537472422599753,0.5216116239544106,0.5415509156277908
CUST-2343,Mark Wilson,62,77145.0,4,One Year,88.17,310.23,2,2021-03-26 00:00:00,Toronto,No,1,0,0,1,0,1,0,0,0,1,0,0,0,0.3592808818586105,0.46402506081914224,0.02555832369427885
CUST-1790,Priya Sharma,20,87396.0,2,Two Year,115.79,232.27,5,2022-06-20 00:00:00,Unknown,No,2,0,0,1,0,1,0,0,0,0,0,1,0,0.43849515294590385,0.6481154397307296,0.019135582775586333
CUST-1581,Pooja Wilson,34,128154.0,3,Two Year,114.07,339.9,5,2024-10-19 00:00:00,Mumbai,No,2,0,1,0,0,0,1,0,1,0,0,0,0,0.7534512802482063,0.6366514479954677,0.028002689049045484
CUST-1704,Karen Miller,48,115385.0,16,Two Year,51.91,834.66,2,2022-10-17 00:00:00,Chicago,No,2,0,1,0,0,0,0,0,0,0,1,0,0,0.6547792455673314,0.22234811877228647,0.06876353174956253
CUST-2302,Pooja Anderson,53,105399.0,55,Two Year,19.32,1062.96,1,2020-05-31 22:30:00,Phoenix,Yes,2,1,1,0,0,0,1,0,1,1,0,0,0,0.577612753412643,0.005132135834971837,0.08757204575337861
CUST-1488,Sarah Patel,18,82404.0,37,Month-to-Month,115.51,4272.43,3,2022-08-11 00:00:00,Los Angeles,No,0,0,1,0,0,1,0,1,0,0,1,0,0,0.39991963433622985,0.6462492085180125,0.35198449183234304
CUST-1560,Barbara Davis,41,78768.0,49,Month-to-Month,46.98,2302.02,3,2022-09-22 00:00:00,Phoenix,No,0,0,1,0,0,0,1,0,1,0,0,1,0,0.3718225618873567,0.1894891192055187,0.18965210427974016
CUST-2120,Linda Singh,27,160059.5,21,Two Year,64.01,1344.21,4,2021-04-14 00:00:00,Los Angeles,No,2,0,1,0,0,0,0,0,0,0,0,0,0,1.0,0.3029959676075583,0.11074284979881563
CUST-1634,David Davis,41,89687.0,29,Two Year,21.85,635.27,2,2021-03-10 00:00:00,Chicago,No,2,0,0,0,0,0,1,0,0,0,1,0,0,0.4561987813783484,0.021994867864165032,0.05233677043891475
CUST-2146,James Sharma,39,63238.0,60,Two Year,115.25,6915.0,4,2021-02-25 00:00:00,Berlin,Yes,2,1,0,0,0,0,0,0,1,1,0,0,0,0.2518149889690399,0.6445162795347753,0.5696928354638114
CUST-2384,Betty Garcia,41,79347.0,52,One Year,64.2,3337.26,4,2024-06-23 00:00:00,Chicago,No,1,0,1,0,0,0,0,0,1,0,0,1,0,0.37629676566840664,0.30426233878761627,0.2749404355864005
CUST-1791,Robert Garcia,24,89752.0,34,Two Year,28.23,952.0,1,2022-07-07 00:00:00,Singapore,Yes,2,1,1,0,0,1,0,0,0,0,1,0,0,0.45670106677691186,0.06451827906821742,0.07843059716002149
CUST-1117,John Martinez,47,79399.0,37,Month-to-Month,39.11,944.14,1,2020-02-02 00:00:00,Los Angeles,Yes,0,1,0,0,0,0,1,0,0,1,0,0,0,0.3766985939872574,0.1370346919052221,0.077783050422965
CUST-1741,Matthew Gupta,51,79329.0,10,Two Year,70.97,709.7,3,2020-06-16 00:00:00,Los Angeles,No,2,0,0,0,0,0,0,0,0,1,0,0,0,0.3761576712503429,0.3493851434665245,0.05846869202149921
CUST-2082,Mark Martinez,41,92288.0,56,Two Year,92.16,5153.68,1,2023-10-11 00:00:00,Mumbai,Yes,2,1,0,1,0,0,1,0,1,1,0,0,0,0.47629792478855715,0.49061885560035995,0.4245863445080457
CUST-1831,Lisa Hernandez,41,87396.0,3,Two Year,104.64,323.18,4,2024-09-30 16:30:00,Los Angeles,No,2,0,0,0,0,1,0,0,0,0,1,0,0,0.43849515294590385,0.5737994467957477,0.026625210493882084
CUST-1120,Richard Hernandez,70,42292.0,22,Month-to-Month,82.74,1817.47,4,2024-06-02 00:00:00,Phoenix,No,0,0,0,0,0,1,0,0,0,0,1,0,0,0.08995545114888126,0.42783350551537974,0.14973241325674816
CUST-1657,Patricia Rodriguez,43,63364.0,51,Two Year,36.24,1845.78,5,2021-04-11 00:00:00,Singapore,No,2,0,1,0,0,0,1,0,0,1,0,0,0,0.252788649895486,0.11790582197487254,0.1520647349012862
CUST-2472,Pooja Hernandez,56,160059.5,3,Two Year,97.37,288.43,1,2024-11-26 00:00:00,Sydney,No,2,0,1,0,0,1,0,1,0,0,0,0,0,1.0,0.5253440863798448,0.023762328927379197
CUST-1636,Mark Hernandez,38,102129.0,62,Two Year,45.98,2854.12,5,2023-02-15 00:00:00,New York,No,2,0,0,0,0,0,1,0,1,0,1,0,0,0.5523439341310655,0.1828240077315293,0.2351369075276896
CUST-1370,Anthony Garcia,55,127461.0,15,Two Year,55.91,841.09,2,2023-01-18 00:00:00,Hyderabad,No,2,0,0,0,0,0,1,0,0,0,0,1,0,0.7480961451527527,0.2490085646682441,0.06929326782071688
CUST-1269,Matthew Jones,25,80928.0,44,Two Year,46.79,2058.7599999999998,1,2022-12-08 00:00:00,Delhi,No,2,0,0,0,1,1,0,0,0,0,0,0,0,0.38851389205500414,0.1882227480254607,0.16961110946340946
CUST-1656,Sarah Verma,57,76796.0,36,Two Year,41.64,1499.04,4,2022-10-03 00:00:00,Chennai,No,2,0,0,1,0,1,0,0,0,0,0,1,0,0.35658399564170823,0.1538974239344153,0.12349853189785567
CUST-1936,Aditya Reddy,57,87396.0,16,One Year,62.41,1004.46,2,2024-04-23 00:00:00,Singapore,No,1,0,0,0,0,0,0,0,0,0,1,0,0,0.43849515294590385,0.2923317892491752,0.0827525185119277
CUST-1823,Matthew Verma,43,80524.0,53,Two Year,66.25,3518.5,3,2021-10-19 00:00:00,Bengaluru,Yes,2,1,0,0,1,0,1,0,0,0,1,0,0,0.38539199511624045,0.31792581730929453,0.28987190767598275
CUST-1867,Arjun Brown,63,65363.0,61,One Year,18.64,1145.24,4,2020-01-22 00:00:00,Toronto,No,1,0,1,0,0,0,1,0,1,0,0,0,1,0.26823585776823006,0.0005998600326590453,0.09435069022220903
CUST-1047,Christopher Gupta,40,88477.0,37,Two Year,116.75,353.67,5,2021-11-30 19:30:00,Bengaluru,Yes,2,1,0,0,0,0,0,0,0,0,0,0,0,0.4468485454973978,0.6545139467457594,0.02913713161511008
CUST-2334,Mary Lopez,57,87396.0,53,Two Year,106.24,5639.42,2,2023-10-25 00:00:00,Toronto,No,2,0,0,0,0,1,0,0,0,0,0,0,0,0.43849515294590385,0.5844636251541308,0.46460407377748775
CUST-1992,Linda Jones,24,48338.0,5,Month-to-Month,40.23,199.02,3,2022-03-14 00:00:00,Unknown,No,0,0,0,0,0,0,0,0,0,0,1,0,0,0.13667572068295358,0.14449961675609022,0.016396278830659115
CUST-1877,Priya Williams,40,77700.0,58,Two Year,70.97,2899.41,4,2023-02-25 00:00:00,Houston,No,2,0,1,0,0,1,0,0,1,1,0,0,0,0.3635696264155755,0.3493851434665245,0.23886812784846415
CUST-1774,Aarav Miller,55,160059.5,38,Two Year,35.62,1348.97,2,2021-08-12 00:00:00,New York,No,2,0,0,0,0,0,0,0,1,0,1,0,0,1.0,0.11377345286099907,0.11113500278461573
CUST-1005,Lisa Martinez,32,87396.0,69,Two Year,71.4,4935.89,3,2023-09-15 00:00:00,Mumbai,No,2,0,0,0,0,0,0,0,1,0,0,0,0,0.43849515294590385,0.35225114140034,0.4066436977060698
CUST-2004,Margaret Kumar,39,53525.0,14,Two Year,109.51,1542.54,4,2020-05-06 00:00:00,Berlin,Yes,2,1,1,0,0,0,0,0,0,0,0,0,0,0.176758095488318,0.6062585396740762,0.12708228292354992
CUST-2345,Matthew Miller,60,35280.0,5,Two Year,106.3,534.3,5,2022-01-09 00:00:00,Phoenix,Yes,2,1,1,0,0,0,1,0,0,0,1,0,0,0.035770447845388825,0.5848635318425701,0.044018348805251545
CUST-1264,Michael Brown,38,87396.0,37,One Year,113.39,4192.33,5,2021-11-05 00:00:00,Phoenix,No,1,0,1,0,0,0,1,0,0,0,1,0,0,0.43849515294590385,0.6321191721931549,0.34538544684020256
CUST-2224,John Williams,70,93442.0,8,Month-to-Month,107.01,856.08,4,2021-10-13 00:00:00,Hyderabad,No,0,0,1,0,0,1,0,1,0,1,0,0,0,0.4852154224799762,0.5895957609891026,0.07052822018566302
CUST-2416,Richard Sharma,37,47267.0,52,Two Year,66.75,3467.72,1,2024-04-23 00:00:00,Phoenix,Yes,2,1,0,0,0,0,1,1,0,0,0,0,1,0.12839960280816176,0.32125837304628924,0.28568839326024126
CUST-1444,Richard Smith,41,87396.0,38,One Year,34.93,1327.34,1,2020-03-28 00:00:00,Houston,No,1,0,0,1,0,0,1,0,0,0,1,0,0,0.43849515294590385,0.1091745259439464,0.10935301348149465
CUST-2003,Priya Sharma,41,85812.0,28,One Year,100.14,2808.21,2,2023-06-10 00:00:00,Sydney,No,1,0,0,0,0,0,1,0,0,1,0,0,0,0.4262548441562958,0.5438064451627954,0.23135460845666378
CUST-2078,Charles Jones,66,78958.0,26,One Year,51.95,1349.04,3,2022-03-01 00:00:00,Phoenix,No,1,0,0,0,0,0,0,0,1,1,0,0,0,0.37329078074469607,0.2226147232312461,0.11114076974028926
CUST-1838,Daniel Hernandez,58,57281.0,39,Two Year,34.17,1339.75,3,2020-04-27 00:00:00,Mumbai,No,2,0,0,0,0,1,0,0,0,0,1,0,0,0.205782464057616,0.10410904122371448,0.11037541233733066
CUST-2386,Betty Martinez,39,65025.0,37,Month-to-Month,93.42,2233.85,5,2020-05-19 00:00:00,Singapore,No,0,0,1,0,0,1,0,0,0,0,1,0,0,0.26562397369570007,0.4990168960575866,0.18403591330453148
CUST-1305,Pooja Verma,43,79925.0,2,Two Year,47.55,69.33,3,2024-10-31 03:00:00,Unknown,No,2,0,1,0,0,1,0,0,0,0,0,1,0,0.38076324198178635,0.19328823274569265,0.005711757669227194
CUST-2214,Mark Gonzalez,68,89119.0,37,Month-to-Month,23.53,870.61,1,2024-05-02 00:00:00,Houston,Yes,0,1,1,0,0,0,1,0,1,0,0,1,0,0.45180957974167074,0.033192255140467225,0.07172527541332595
CUST-1314,Thomas Gonzalez,41,104527.0,65,Two Year,29.62,1933.65,1,2021-04-18 00:00:00,Sydney,Yes,2,1,0,1,0,0,1,0,1,0,0,0,1,0.5708744016042223,0.07378278401706269,0.1593039119731886
CUST-1150,Mary Patel,61,76609.0,30,Two Year,51.51,1539.44,5,2021-07-25 00:00:00,Berlin,No,2,0,1,0,0,0,0,1,0,0,1,0,0,0.3551389591873795,0.21968207418269067,0.12682688917229357
CUST-2149,Michael Miller,35,112862.0,32,Two Year,70.97,1591.67,3,2020-12-19 00:00:00,Los Angeles,No,2,0,0,0,0,0,0,0,0,1,0,0,0,0.6352828446353987,0.3493851434665245,0.1311298619555582
CUST-1575,Joseph Singh,41,87396.0,48,One Year,72.47,3479.43,1,2024-09-06 00:00:00,Unknown,Yes,1,1,1,0,0,0,1,1,0,0,0,0,0,0.43849515294590385,0.3593828106775086,0.28665312255934194
CUST-1051,Aditya Rodriguez,51,63959.0,62,Two Year,34.35,2128.99,2,2022-09-18 00:00:00,Los Angeles,Yes,2,1,1,0,0,1,0,0,0,0,1,0,0,0.25738649315925927,0.10530876128903256,0.17539701370558206
CUST-2211,Aditya Iyer,18,96584.0,6,Month-to-Month,78.61,471.65999999999997,2,2020-04-27 00:00:00,Toronto,No,0,0,1,0,0,1,0,0,0,0,0,1,0,0.509495125899767,0.40030659512780353,0.03885774732825182
CUST-1727,Sneha Williams,54,101690.0,8,Month-to-Month,81.26,648.92,2,2023-02-18 00:00:00,Singapore,No,0,0,0,0,0,0,1,0,1,0,1,0,0,0.5489515758238447,0.4179691405338755,0.0534613267952533
CUST-1834,Elizabeth Anderson,41,135728.0,9,Month-to-Month,82.07,731.15,3,2021-03-19 00:00:00,Sydney,No,0,0,1,0,0,1,0,0,0,0,0,1,0,0.8119791203823551,0.42336788082780685,0.060235852010031204
CUST-2116,Ananya Gupta,26,103878.0,38,Two Year,62.86,2386.25,3,2020-09-01 00:00:00,Houston,No,2,0,0,1,0,1,0,0,1,0,0,1,0,0.5658592750862579,0.29533108941247044,0.19659139965661898
CUST-2167,Pooja Martinez,47,57344.0,30,One Year,168.585,12138.12,3,2023-02-14 00:00:00,Phoenix,No,1,0,0,0,0,1,0,1,0,0,0,0,0,0.20626929452083906,1.0,1.0
CUST-1471,Neha Iyer,18,60967.0,59,Two Year,76.57,4519.01,3,2024-10-26 00:00:00,Chicago,No,2,0,0,0,0,0,0,0,0,0,1,0,0,0.23426590988999949,0.3867097677208651,0.3722990051177612
CUST-1972,Elizabeth Sharma,21,87465.0,26,Two Year,24.1,623.89,3,2023-04-03 00:00:00,London,No,2,0,1,0,0,0,0,0,1,1,0,0,0,0.43902834821514813,0.036991368680641186,0.05139922821656071
CUST-1654,Mary Davis,57,73257.0,34,Month-to-Month,83.76,2844.52,3,2021-05-06 00:00:00,Bengaluru,No,0,0,0,0,0,0,1,1,0,0,1,0,0,0.3292364875568452,0.43463191921884897,0.23434601074960537
CUST-1400,Nancy Nair,50,58855.0,16,Month-to-Month,37.1,585.43,3,2022-11-17 00:00:00,Toronto,Yes,0,1,0,1,0,0,0,0,0,0,1,0,0,0.21794549817052203,0.12363781784250343,0.04823069799936069
CUST-1512,Sandra Patel,40,63917.0,24,Two Year,84.98,2047.82,5,2023-10-10 00:00:00,Mumbai,Yes,2,1,1,0,0,0,0,0,0,1,0,0,0,0.25706193951711054,0.4427633552171161,0.16870981667671764
CUST-1321,Neha Iyer,65,68146.0,37,One Year,20.12,242.25,1,2021-11-04 00:00:00,London,No,1,0,0,0,1,1,0,0,1,1,0,0,0,0.28974140029441653,0.010464225014163364,0.019957785884469753
CUST-1020,Sneha Verma,43,81897.0,16,One Year,87.69,1407.81,3,2021-06-06 00:00:00,Chicago,No,1,0,0,0,0,0,0,0,0,0,1,0,0,0.3960018082274348,0.4608258073116273,0.11598254095362377
CUST-1036,Daniel Smith,33,101702.0,28,Two Year,51.02,1430.48,4,2023-10-15 00:00:00,Hyderabad,No,2,0,0,0,0,1,0,0,0,0,1,0,0,0.5490443054358871,0.21641616956043588,0.11785021074103733
CUST-1903,Charles Hernandez,21,77596.0,34,Month-to-Month,113.84,3875.14,3,2020-12-23 00:00:00,Sydney,No,0,0,0,0,1,1,0,0,0,0,0,1,0,0.36276596977787395,0.6351184723564502,0.31925372298181265
CUST-1828,John Garcia,38,66137.0,1,Two Year,25.2,25.17,4,2023-03-28 00:00:00,New York,No,2,0,0,0,0,0,1,0,0,0,0,1,0,0.27421691774497037,0.04432299130202952,0.0020736324900396436
CUST-2486,John Gonzalez,54,69140.0,48,One Year,84.58,4056.92,5,2024-03-08 00:00:00,Phoenix,Yes,1,1,0,0,1,0,0,0,0,0,1,0,0,0.2974225031586024,0.4400973106275203,0.33422968301516215
CUST-1408,John Iyer,25,87396.0,17,Month-to-Month,112.75,1921.84,5,2020-09-14 00:00:00,Chicago,Yes,0,1,0,0,0,1,0,0,1,0,1,0,0,0.43849515294590385,0.6278535008498017,0.15833094416598284
CUST-1921,Jessica Sharma,41,43580.0,29,Two Year,70.97,1457.8,3,2024-08-28 00:00:00,Chennai,No,2,0,0,0,0,0,0,0,1,0,0,0,0,0.09990842950810805,0.3493851434665245,0.12010097115533541
CUST-1538,David Hernandez,39,87396.0,49,Month-to-Month,64.55,3164.59,2,2022-06-28 00:00:00,Unknown,No,0,0,0,0,0,0,0,0,0,1,0,0,0,0.43849515294590385,0.3065951278035125,0.2607150036414206
CUST-1759,Jessica Brown,51,68506.0,9,Month-to-Month,81.53,725.47,1,2020-11-21 00:00:00,Chennai,No,0,0,1,0,0,1,0,0,1,0,1,0,0,0.2925232886556911,0.4197687206318526,0.05976790474966469
CUST-2063,Sandra Iyer,59,43427.0,31,Month-to-Month,70.97,1540.55,3,2022-06-01 10:30:00,Los Angeles,No,0,0,0,1,0,0,1,0,1,0,1,0,0,0.09872612695456635,0.3493851434665245,0.12691833661225954
CUST-2200,Arjun Kumar,45,87396.0,11,Month-to-Month,57.36,632.38,3,2024-01-31 04:30:00,New York,No,0,0,0,1,0,0,0,1,0,0,1,0,0,0.43849515294590385,0.2586729763055287,0.05209867755467897
CUST-1246,Arjun Sharma,43,93131.0,50,One Year,87.43,4374.83,2,2024-10-23 00:00:00,Chennai,Yes,1,1,0,0,0,0,1,1,0,0,1,0,0,0.4828121800345418,0.45909287832839013,0.3604207241319084
CUST-2128,Rohit Kumar,41,68033.0,67,Month-to-Month,40.91,2739.84,2,2023-02-11 00:00:00,Toronto,No,0,0,0,0,0,0,1,0,1,0,1,0,0,0.28886819644768313,0.14903189255840302,0.22572194046524502
CUST-1785,Mark Kumar,25,74990.0,72,Month-to-Month,70.97,3598.43,3,2023-04-21 00:00:00,Unknown,No,0,0,0,0,0,1,0,0,1,0,1,0,0,0.34262818902931413,0.3493851434665245,0.2964569472043446
CUST-1490,Robert Verma,53,48416.0,37,Month-to-Month,70.97,141.18,5,2023-01-06 00:00:00,Bengaluru,No,0,0,0,0,0,0,1,0,1,1,0,0,0,0.13727846316122974,0.3493851434665245,0.011631125742701505
CUST-1155,Thomas Smith,47,87462.0,61,Two Year,70.97,3045.56,3,2019-12-01 07:30:00,Chennai,Yes,2,1,0,0,0,0,1,0,0,0,1,0,0,0.43900516581213755,0.3493851434665245,0.25090870744398636
CUST-1962,Karen Verma,35,66067.0,3,Month-to-Month,84.19,261.5,3,2021-07-02 00:00:00,Toronto,No,0,0,0,0,0,1,0,0,0,0,1,0,0,0.2736759950080559,0.4374979171526644,0.021543698694690774
CUST-1854,Jennifer Rodriguez,41,52836.0,67,Two Year,56.0,3753.35,2,2020-10-01 00:00:00,Chennai,No,2,0,1,0,0,0,0,0,0,0,0,0,0,0.17143387026354528,0.24960842470090314,0.3092200439606792
CUST-1626,Aarav Patel,25,79649.0,30,One Year,102.76,3079.29,4,2024-07-05 00:00:00,Hyderabad,No,1,0,0,0,0,1,0,0,1,1,0,0,0,0.3786304609048092,0.5612690372246476,0.2536875562278178
CUST-1686,Robert Verma,38,119909.0,37,One Year,70.63,1206.83,4,2020-12-21 00:00:00,Toronto,No,1,0,0,1,0,0,0,0,1,1,0,0,0,0.6897383093073485,0.34711900556536807,0.0994247873641058
CUST-1570,Nancy Verma,41,67115.0,69,Month-to-Month,113.45,7830.59,1,2020-02-17 00:00:00,Houston,No,0,0,1,0,0,0,0,0,0,1,0,0,0,0.28177438112643294,0.6325190788815943,0.6451237918227863
CUST-2473,Neha Hernandez,48,91170.0,48,Month-to-Month,68.94,3301.62,3,2020-12-31 00:00:00,Hyderabad,No,0,0,1,0,0,1,0,0,1,0,0,0,0,0.4676586159332656,0.335854967174326,0.27200423129776274
CUST-1018,Jessica Brown,75,128490.0,48,Month-to-Month,67.64,3243.96,3,2024-09-25 00:00:00,Toronto,Yes,0,1,0,0,0,0,0,0,1,0,0,0,1,0.7560477093853959,0.3271903222581398,0.2672539075243942
CUST-1128,Arjun Johnson,31,87396.0,67,Month-to-Month,41.73,2786.63,3,2023-07-19 00:00:00,Unknown,No,0,0,0,0,0,0,1,0,1,0,0,0,0,0.43849515294590385,0.15449728396707432,0.22957673840759524
CUST-1564,Charles Iyer,27,84402.0,37,Two Year,24.92,200.69,4,2022-07-28 00:00:00,Bengaluru,No,2,0,1,0,0,1,0,0,1,0,0,1,0,0.4153591147413037,0.0424567600893125,0.016533861916013352
CUST-1981,Robert Kumar,41,46749.0,38,One Year,70.97,1899.46,2,2022-09-27 00:00:00,Singapore,No,1,0,1,0,0,1,0,0,1,0,0,1,0,0.12439677455499445,0.3493851434665245,0.15648716605207397
CUST-1191,James Brown,69,76142.0,61,Two Year,96.78,5913.36,2,2024-01-24 00:00:00,Hyderabad,No,2,0,1,0,0,0,1,0,0,0,1,0,0,0.3515302317853928,0.521411670610191,0.487172642880446
CUST-2140,Rohit Martinez,34,90975.0,72,Two Year,66.1,4760.72,1,2021-10-06 00:00:00,Toronto,No,2,0,0,0,0,0,1,0,0,0,0,0,0,0.4661517597375752,0.31692605058819606,0.3922123030584637
CUST-1993,Priya Rodriguez,53,121196.0,48,Month-to-Month,32.28,1548.25,4,2020-12-31 00:00:00,Toronto,No,0,0,1,0,0,1,0,0,0,0,0,1,0,0.699683560198905,0.0915119805378745,0.12755270173634797
CUST-2294,Aarav Martinez,64,62507.0,32,One Year,27.08,862.01,2,2024-11-05 00:00:00,Hyderabad,No,1,0,0,0,0,0,0,0,0,0,0,0,0,0.24616621010211848,0.05685340087312959,0.07101676371629213
CUST-1607,Vikram Wilson,47,94106.0,8,Two Year,20.87,165.73,5,2021-02-14 00:00:00,Unknown,No,2,0,0,0,0,0,1,0,0,0,0,1,0,0.49034646101299373,0.015463058619655416,0.013653679482489873
CUST-1181,Patricia Verma,55,45271.0,37,Two Year,39.02,312.95,2,2022-09-06 00:00:00,New York,No,2,0,0,1,0,0,0,0,0,0,0,0,0,0.1129755773384283,0.13643483187256308,0.025782411114736052
CUST-1497,Ananya Anderson,42,87396.0,56,Month-to-Month,83.73,4684.91,5,2023-11-17 00:00:00,New York,Yes,0,1,0,0,0,1,0,0,1,0,0,1,0,0.43849515294590385,0.4344319658746293,0.38596669006402967
CUST-2335,Robert Patel,18,109196.0,69,One Year,76.28,5257.0,4,2019-04-01 19:30:00,Mumbai,No,1,0,0,0,0,0,0,0,1,0,0,1,0,0.6069539481564195,0.38477688539340826,0.43309837108217747
CUST-2299,Margaret Reddy,24,119616.0,37,Month-to-Month,71.28,277.88,3,2021-03-21 00:00:00,Berlin,No,0,0,0,0,0,1,0,0,0,0,1,0,0,0.6874741612799777,0.35145132802346124,0.022893166322297025
CUST-1518,Joseph Verma,50,87396.0,55,Month-to-Month,33.1,1828.1,5,2024-12-24 00:00:00,Chennai,No,0,0,0,0,0,0,1,1,0,0,1,0,0,0.43849515294590385,0.0969773719465458,0.15060816666831436
CUST-2070,Patricia Anderson,61,109040.0,23,Two Year,99.98,2294.74,4,2022-04-24 00:00:00,Singapore,Yes,2,1,1,0,0,0,1,0,0,0,0,0,1,0.6057484631998671,0.5427400273269571,0.18905234088969294
CUST-1477,Vikram Williams,62,67851.0,49,Two Year,50.36,2468.56,5,2022-09-05 00:00:00,Chicago,Yes,2,1,0,1,0,1,0,0,1,0,1,0,0,0.2874617973317054,0.21201719598760288,0.2033725156778809
CUST-1158,Richard Singh,46,160059.5,51,One Year,102.09,5206.17,5,2022-08-26 00:00:00,New York,No,1,0,1,0,0,0,1,0,1,1,0,0,0,1.0,0.5568034125370748,0.42891073741238345
CUST-2196,Jessica Miller,61,57636.0,52,Month-to-Month,25.43,1314.23,3,2021-08-07 00:00:00,Phoenix,No,0,0,0,0,1,0,1,0,1,0,1,0,0,0.20852571508053952,0.045855966941047085,0.10827294506892335
CUST-1017,Jennifer Sharma,52,54929.0,6,Two Year,42.41,246.75,1,2021-04-05 00:00:00,Chennai,No,2,0,0,1,0,0,0,0,0,0,1,0,0,0.18760746009728882,0.15902955976938712,0.020328518749196743
CUST-2073,Thomas Garcia,41,62598.0,61,Two Year,110.46,6738.0599999999995,5,2022-08-11 00:00:00,Houston,No,2,0,1,0,0,0,1,0,1,0,1,0,0,0.24686940966010734,0.612590395574366,0.5551156192227461
CUST-1547,Arjun Gupta,48,58124.0,49,Month-to-Month,90.7,4439.93,2,2021-05-07 00:00:00,Unknown,No,0,0,0,1,0,0,1,0,0,0,0,1,0,0.2122967193036006,0.48088779284833544,0.3657839929082922
CUST-1659,Karen Kumar,40,99445.0,3,Two Year,103.07,299.87,2,2022-11-01 00:00:00,Chicago,Yes,2,1,0,0,1,1,0,1,0,0,0,1,0,0.5316034109042296,0.5633352217815842,0.024704814254596263
CUST-2300,Robert Gupta,48,101014.0,4,Two Year,103.91,415.34,5,2024-08-31 06:00:00,Sydney,Yes,2,1,1,0,0,1,0,1,0,0,1,0,0,0.5437278076787846,0.5689339154197354,0.03421781956349088
CUST-1960,Linda Davis,40,87396.0,4,Two Year,168.585,1993.73,2,2023-06-17 00:00:00,London,No,2,0,0,1,0,0,1,1,0,0,1,0,0,0.43849515294590385,1.0,0.1642536076426992
CUST-2456,Elizabeth Garcia,29,67868.0,13,Two Year,104.26,1346.25,3,2020-07-08 00:00:00,Berlin,No,2,0,1,0,0,1,0,0,1,0,1,0,0,0.2875931642820989,0.5712667044356318,0.11091091536415852
CUST-1284,William Hernandez,35,83251.0,10,Two Year,168.585,4997.41,3,2021-09-02 00:00:00,Los Angeles,Yes,2,1,0,1,0,0,1,0,0,0,0,0,0,0.40646479945289526,1.0,0.411712027892293
CUST-1798,Sarah Gupta,73,124606.0,37,Month-to-Month,117.78,943.44,5,2020-06-08 00:00:00,Houston,No,0,0,1,0,0,0,0,0,1,1,0,0,0,0.7260342249543114,0.6613790115639685,0.0777253808662297
CUST-1226,Vikram Wilson,40,55125.0,22,Month-to-Month,43.65,970.28,5,2020-05-03 00:00:00,Chicago,No,0,0,0,0,1,1,0,0,0,1,0,0,0,0.18912204376064942,0.167294297997134,0.07993659644162357
CUST-1027,Thomas Hernandez,24,113972.0,63,Two Year,110.82,6986.6,1,2022-01-10 00:00:00,Houston,No,2,0,1,0,0,1,0,0,1,0,0,0,0,0.6438603337493287,0.6149898357050022,0.5755916072670232
CUST-1438,Jennifer Brown,45,76908.0,70,Two Year,21.78,1529.29,3,2019-03-02 09:00:00,New York,Yes,2,1,0,0,1,0,1,0,0,1,0,0,0,0.35744947202077143,0.021528310060985774,0.12599068059963156
CUST-1613,Nancy Brown,18,92366.0,37,One Year,70.97,1844.38,2,2023-02-01 00:00:00,Berlin,Yes,1,1,0,1,0,1,0,0,1,0,1,0,0,0.47690066726683333,0.3493851434665245,0.15194939578781558
CUST-1230,Anthony Patel,41,35466.0,55,Two Year,81.26,4469.3,2,2020-08-08 00:00:00,Singapore,No,2,0,1,0,0,0,0,0,0,0,1,0,0,0.037207756832047356,0.4179691405338755,0.36820364273874373
CUST-1038,Betty Smith,33,102118.0,32,Two Year,93.27,2990.22,2,2021-02-05 00:00:00,Chicago,Yes,2,1,0,1,0,0,0,0,0,0,0,1,0,0.5522589319866933,0.4980171293364882,0.24634951705865485
CUST-1750,Barbara Verma,18,111573.0,19,One Year,52.57,998.83,2,2024-01-13 00:00:00,Chicago,No,1,0,0,1,0,0,0,1,0,0,1,0,0,0.6253221388085017,0.22674709234511944,0.08228869050561372
CUST-2046,Joseph Sharma,28,102872.0,29,Month-to-Month,112.5,3260.29,2,2024-06-05 00:00:00,Unknown,Yes,0,1,1,0,0,1,0,0,0,0,0,1,0,0.5580854426100295,0.6261872229813044,0.2685992558979479
CUST-1470,Nancy Martinez,63,100032.0,37,Month-to-Month,70.97,753.82,3,2022-10-06 00:00:00,Delhi,Yes,0,1,0,1,0,0,1,0,0,0,0,0,0,0.5361394344266412,0.3493851434665245,0.062103521797444744
CUST-2322,Margaret Davis,33,62389.0,0,Two Year,45.98,451.82,4,2022-03-11 00:00:00,Berlin,No,2,0,1,0,0,1,0,0,1,0,0,1,0,0.24525436891703403,0.1828240077315293,0.037223227320211036
CUST-1688,Mary Jones,49,87396.0,55,Month-to-Month,82.44,4534.2,3,2020-11-26 00:00:00,Mumbai,No,0,0,0,0,0,0,1,1,0,1,0,0,0,0.43849515294590385,0.42583397207318296,0.3735504344989174
CUST-2425,Richard Brown,38,87396.0,56,Month-to-Month,57.2,3201.79,2,2023-08-03 00:00:00,Delhi,No,0,0,0,0,0,1,0,0,0,0,0,1,0,0.43849515294590385,0.25760655846969044,0.263779728656497
CUST-2219,Thomas Brown,39,88198.0,13,Month-to-Month,75.39,987.33,4,2022-01-09 00:00:00,Berlin,No,0,0,0,0,0,0,0,0,1,1,0,0,0,0.44469258201740997,0.3788449361815577,0.08134126207353362
CUST-2159,Christopher Patel,53,92111.0,65,Two Year,87.74,5700.39,5,2022-01-25 00:00:00,New York,No,2,0,0,0,0,1,0,0,1,0,1,0,0,0.4749301630109305,0.46115906288532676,0.4696270921691333
CUST-2293,Michael Garcia,34,66497.0,52,Two Year,25.54,1334.14,2,2024-11-22 00:00:00,Houston,No,2,0,0,0,0,0,0,0,0,0,0,1,0,0.27699880610624494,0.04658912920318591,0.10991323203263767
CUST-2410,David Johnson,33,36595.0,24,Month-to-Month,78.88,1898.97,3,2021-05-06 00:00:00,New York,No,0,0,1,0,0,1,0,0,0,0,1,0,0,0.04593206783171121,0.4021061752257806,0.15644679736235922
CUST-1801,Robert Singh,19,93709.0,16,Two Year,45.39,731.98,4,2024-10-14 00:00:00,Berlin,Yes,2,1,1,0,0,1,0,0,1,0,0,1,0,0.4872786563479215,0.17889159196187557,0.06030423162730307
CUST-1161,Karen Iyer,29,68830.0,21,Month-to-Month,39.21,819.78,3,2024-06-18 00:00:00,Delhi,No,0,0,1,0,0,0,0,0,0,1,0,0,0,0.2950269881808382,0.13770120305262107,0.06753764174353194
CUST-1957,Priya Anderson,50,87396.0,27,One Year,70.97,1348.48,1,2020-09-11 00:00:00,Mumbai,No,1,0,1,0,0,0,0,0,0,0,0,0,0,0.43849515294590385,0.3493851434665245,0.11109463409490102
CUST-2187,James Rodriguez,50,158705.0,31,Month-to-Month,104.37,3234.11,2,2022-04-03 00:00:00,Delhi,Yes,0,1,0,0,0,0,1,0,0,0,0,1,0,0.9895331450407044,0.5719998666977706,0.26644241447604733
CUST-1822,Pooja Lopez,50,64772.0,35,Two Year,86.03,3042.29,2,2022-09-11 00:00:00,New York,No,2,0,1,0,0,0,0,0,1,0,0,1,0,0.26366892437513767,0.44976172226480493,0.2506393082289514
CUST-2314,Mary Anderson,30,109672.0,27,Two Year,69.38,1872.3,4,2022-10-01 04:30:00,Berlin,No,2,0,1,0,0,0,0,0,0,0,1,0,0,0.610632222767438,0.33878761622288134,0.15424958725074392
CUST-1878,James Wilson,69,92096.0,31,One Year,74.39,2309.51,1,2021-07-07 00:00:00,Delhi,No,1,0,1,0,0,1,0,1,0,0,0,1,0,0.4748142509958774,0.3721798247075683,0.190269168536808
CUST-1914,Susan Gonzalez,23,105374.0,58,Month-to-Month,96.78,5604.94,3,2020-04-09 00:00:00,Hyderabad,No,0,0,1,0,0,0,1,0,0,0,0,0,0,0.5774195667208877,0.521411670610191,0.46176343618286847
CUST-1153,Jessica Verma,39,98251.0,57,Month-to-Month,60.85,3459.54,5,2024-03-13 00:00:00,Chicago,No,0,0,0,0,1,1,0,0,1,0,0,0,0,0.5223768145060023,0.2819342153497517,0.28501448329724866
CUST-2420,Margaret Wilson,41,83411.0,52,Month-to-Month,70.97,2600.24,1,2024-03-12 00:00:00,Mumbai,No,0,0,0,0,0,0,1,0,0,1,0,0,0,0.4077011942801284,0.3493851434665245,0.2142209831506032
CUST-1510,Rohit Davis,33,52045.0,68,Two Year,24.86,1684.77,2,2021-12-14 00:00:00,Toronto,Yes,2,1,1,0,0,0,0,0,1,0,1,0,0,0.16532144333641144,0.042056853400873125,0.1387999130013544
CUST-2136,Daniel Reddy,34,77090.0,26,Two Year,62.17,1611.22,1,2024-04-20 00:00:00,Mumbai,No,2,0,0,0,0,1,0,0,0,0,0,1,0,0.3588558711367491,0.2907321624954178,0.13274049029009435
CUST-2251,James Hernandez,33,90073.0,60,One Year,102.97,6171.95,3,2021-11-09 00:00:00,Delhi,No,1,0,0,0,0,0,0,0,0,0,0,0,0,0.45918158389904834,0.5626687106341853,0.50847660098928
CUST-1104,Margaret Iyer,65,87396.0,48,Two Year,86.34,4139.3,2,2020-01-10 00:00:00,Hyderabad,No,2,0,0,0,0,1,0,0,1,0,0,0,0,0.43849515294590385,0.4518279068217416,0.3410165659920976
CUST-1587,Aarav Gonzalez,48,123433.0,60,Month-to-Month,115.69,6888.13,2,2019-12-31 18:00:00,Houston,No,0,0,0,0,0,1,0,0,0,0,1,0,0,0.7169699053771583,0.6474489285833306,0.5674791483359861
CUST-2378,Thomas Iyer,75,70266.0,61,Two Year,70.97,3045.1,3,2024-11-03 00:00:00,Houston,No,2,0,1,0,0,1,0,1,0,0,1,0,0,0.30612363175525564,0.3493851434665245,0.25087081030670316
CUST-2144,Thomas Miller,43,160059.5,28,Month-to-Month,66.83,1871.24,1,2022-01-16 00:00:00,Berlin,No,0,0,1,0,0,0,0,0,1,0,0,1,0,1.0,0.3217915819642084,0.15416225906483047
CUST-1054,Rohit Patel,53,88393.0,4,One Year,90.82,356.69,3,2020-01-04 00:00:00,Bengaluru,No,1,0,0,0,0,0,0,0,1,1,0,0,0,0.4461994382131004,0.4816876062252141,0.029385934559882417
CUST-1152,John Wilson,41,63372.0,23,Two Year,105.39,2422.52,5,2024-09-17 00:00:00,New York,No,2,0,1,0,0,0,0,0,0,1,0,0,0,0.25285046963684765,0.5787982804012397,0.19957950654631854
CUST-1404,Patricia Lopez,41,114197.0,28,Month-to-Month,81.7,2286.18,2,2022-08-31 18:00:00,Houston,Yes,0,1,0,0,0,1,0,0,1,1,0,0,0,0.6455990139751253,0.4209017895824308,0.18834712459590114
CUST-1208,Aditya Garcia,41,87396.0,16,Two Year,33.92,542.72,1,2022-01-21 00:00:00,Toronto,No,2,0,0,0,0,0,1,0,0,1,0,0,0,0.43849515294590385,0.10244276335521713,0.04471203118769628
CUST-2464,Sarah Lopez,54,131295.0,55,Month-to-Month,23.77,1307.0,3,2024-10-16 00:00:00,Los Angeles,No,0,0,1,0,0,0,1,0,0,0,0,1,0,0.7777232562003269,0.03479188189422468,0.10767730093292865
CUST-2123,John Anderson,51,72234.0,65,One Year,111.12,7217.97,5,2023-12-07 00:00:00,Singapore,No,1,0,1,0,0,0,0,0,0,0,0,0,0,0.32133128813022327,0.616989369147199,0.5946530434696642
CUST-2362,Robert Garcia,29,57823.0,23,Month-to-Month,21.96,508.57,3,2020-10-24 00:00:00,Sydney,No,0,0,1,0,0,0,0,1,0,0,0,1,0,0.20997075153486827,0.022728030126303863,0.04189858066982366
CUST-1009,Aditya Brown,18,69760.0,70,One Year,85.45,5990.14,2,2022-05-20 00:00:00,London,No,1,0,1,0,0,0,1,0,1,1,0,0,0,0.30221353311413085,0.4458959576098911,0.49349816940349905
CUST-2015,John Kumar,43,111363.0,40,Month-to-Month,29.09,1166.97,1,2022-09-14 00:00:00,Bengaluru,No,0,0,0,0,0,0,1,1,0,1,0,0,0,0.6236993705977583,0.0702502749358483,0.09614091803343516
CUST-2390,Sarah Miller,48,103760.0,14,Month-to-Month,92.6,1289.0,5,2023-10-31 21:00:00,Delhi,No,0,0,0,1,0,0,0,0,0,0,1,0,0,0.5649474339011734,0.49355150464891523,0.10619436947402068
CUST-2061,Margaret Anderson,54,68648.0,43,Two Year,41.94,1803.4199999999998,1,2022-11-01 00:00:00,Chennai,Yes,2,1,1,0,0,1,0,0,1,1,0,0,0,0.2936205890648605,0.1558969573766121,0.1485749028679894
CUST-1453,Sneha Verma,39,84214.0,40,One Year,46.85,1879.15,4,2024-01-05 00:00:00,Toronto,No,1,0,1,0,0,0,0,0,0,0,1,0,0,0.41390635081930477,0.1886226547139001,0.15481392505593947
CUST-1254,Neha Gupta,44,87396.0,42,Month-to-Month,92.27,3870.01,1,2023-05-20 00:00:00,Hyderabad,No,0,0,1,0,0,0,0,0,1,0,0,1,0,0.43849515294590385,0.49135201786249877,0.3188310875160239
CUST-1897,James Wilson,70,86485.0,48,Month-to-Month,83.7,4024.63,3,2024-06-23 00:00:00,Chicago,No,0,0,0,0,0,0,0,0,0,1,0,0,0,0.4314554298983452,0.4342320125304096,0.33156946874804333
CUST-2352,David Wilson,55,85329.0,70,One Year,92.81,6490.58,2,2024-07-04 00:00:00,Houston,Yes,1,1,0,1,0,1,0,0,1,1,0,0,0,0.4225224772715857,0.49495117805845307,0.5347269593643826
CUST-1881,Mary Sharma,37,91321.0,30,One Year,23.93,719.09,1,2023-04-05 00:00:00,Singapore,No,1,0,1,0,0,0,0,0,0,0,0,0,0,0.46882546355146687,0.03585829973006298,0.059242287932562865
CUST-1624,Neha Hernandez,42,87396.0,55,Two Year,100.73,5538.64,1,2020-05-31 22:30:00,Mumbai,No,2,0,1,0,0,1,0,0,0,0,1,0,0,0.43849515294590385,0.5477388609324492,0.45630130530922414
CUST-1346,Jessica Jones,52,52524.0,51,One Year,95.0,4845.0,4,2020-09-30 16:30:00,Chennai,No,1,0,1,0,0,1,0,0,1,0,0,0,0,0.16902290035044065,0.5095477721864898,0.39915571768939506
CUST-2330,Priya Reddy,57,62145.0,69,One Year,70.97,3456.56,3,2024-04-15 00:00:00,Singapore,No,1,0,0,1,0,0,0,0,0,0,1,0,0,0.24336886680550351,0.3493851434665245,0.2847689757557183
CUST-1263,Elizabeth Patel,75,102495.0,21,Month-to-Month,115.14,2413.34,3,2022-05-05 00:00:00,New York,No,0,0,1,0,0,0,0,0,0,0,1,0,0,0.5551721872983614,0.6437831172726364,0.19882321150227547
CUST-1151,Elizabeth Kumar,40,95587.0,36,Month-to-Month,70.97,1802.34,4,2021-09-28 00:00:00,Mumbai,No,0,0,0,1,0,0,0,0,1,0,1,0,0,0.5017908406325705,0.3493851434665245,0.14848592698045496
CUST-1473,Daniel Wilson,59,77742.0,19,Month-to-Month,45.17,855.88,3,2023-07-04 00:00:00,Chicago,Yes,0,1,1,0,0,1,0,1,0,0,0,1,0,0.36389418005772417,0.1774252674375979,0.07051174316945293
CUST-1641,Richard Garcia,45,96617.0,29,Month-to-Month,48.36,1394.18,5,2021-08-16 00:00:00,Phoenix,No,0,0,0,0,0,1,0,0,0,0,0,1,0,0.5097501323328838,0.19868697303962407,0.11485963229890625
CUST-2457,Susan Davis,48,44070.0,46,One Year,113.15,5196.65,3,2024-06-25 00:00:00,Chennai,Yes,1,1,0,1,0,0,1,0,0,1,0,0,0,0.10369488866650954,0.6305195454393976,0.4281264314407832
CUST-1929,Sneha Reddy,75,61746.0,0,One Year,103.93,0.0,2,2021-06-24 00:00:00,Houston,Yes,1,1,1,0,0,1,0,1,0,0,0,0,1,0.24028560720509085,0.5690672176492153,0.0
CUST-1489,Christopher Williams,54,68382.0,13,Month-to-Month,57.18,747.67,3,2023-12-01 07:30:00,Hyderabad,No,0,0,0,0,0,0,1,0,1,1,0,0,0,0.2915650826645854,0.2574732562402106,0.06159685354898451
CUST-2403,Robert Jones,53,124688.0,48,Two Year,39.58,1906.0,5,2023-05-22 00:00:00,Chennai,Yes,2,1,0,0,0,1,0,0,1,0,1,0,0,0.7266678773032683,0.14016729429799712,0.15702596448214384
CUST-2172,Betty Brown,28,67429.0,27,One Year,168.585,12138.12,1,2021-04-14 00:00:00,Unknown,Yes,1,1,1,0,0,1,0,0,1,0,1,0,0,0.284200805974878,1.0,1.0
CUST-1147,Robert Rodriguez,34,160059.5,45,Month-to-Month,35.47,1602.58,2,2022-03-25 00:00:00,Toronto,No,0,0,0,1,0,0,0,0,0,0,0,1,0,1.0,0.11277368613990069,0.1320286831898185
CUST-1403,Sandra Anderson,30,84902.0,20,Month-to-Month,33.64,667.14,2,2022-09-09 00:00:00,Toronto,No,0,0,1,0,0,0,0,0,1,0,0,1,0,0.4192228485764073,0.10057653214250009,0.054962382971992366
CUST-1955,Jennifer Davis,54,92541.0,33,Month-to-Month,79.02,2607.66,3,2022-04-01 13:30:00,Sydney,Yes,0,1,0,0,0,0,1,0,1,0,0,0,0,0.47825297410911954,0.4030392908321392,0.21483228045199748
CUST-1660,Mary Reddy,53,154808.0,52,Two Year,116.64,6065.28,1,2023-11-12 00:00:00,Delhi,No,2,0,1,0,0,0,1,0,1,1,0,0,0,0.9594192035299073,0.6537807844836205,0.4996885843936293
CUST-1464,Joseph Kumar,46,118998.0,61,Two Year,114.74,7007.47,5,2021-05-11 00:00:00,Chennai,No,2,0,0,0,0,1,0,0,1,0,0,0,0,0.6826985862597897,0.6411170726830406,0.577310983908546
CUST-1187,William Miller,46,53289.0,64,One Year,48.59,3112.49,2,2020-02-25 00:00:00,Los Angeles,No,1,0,0,0,0,0,0,0,1,0,1,0,0,0.1749344131181491,0.20021994867864168,0.2564227409186925
CUST-2148,Jessica Nair,66,113178.0,57,Month-to-Month,77.12,4395.32,3,2022-12-18 00:00:00,Delhi,No,0,0,0,0,0,0,0,0,1,0,1,0,0,0.6377247244191843,0.39037557903155934,0.36210879444263194
CUST-2225,Patricia Jones,23,83358.0,23,Month-to-Month,110.1,2527.66,4,2020-07-09 00:00:00,Los Angeles,No,0,0,0,1,0,0,0,0,0,0,0,1,0,0.40729163849360744,0.6101909554437298,0.20824147396796205
CUST-1144,Aditya Patel,34,91693.0,1,One Year,107.76,107.76,3,2024-09-18 00:00:00,Los Angeles,No,1,0,0,1,0,0,1,1,0,0,0,1,0,0.47170008152478393,0.5945945945945946,0.00887781633399571
CUST-1752,Priya Rodriguez,43,89813.0,29,Month-to-Month,73.53,2138.82,3,2024-12-28 00:00:00,Mumbai,No,0,0,0,1,0,0,1,0,0,0,1,0,0,0.4571724423047945,0.3664478288399374,0.17620685905230793
CUST-1982,John Wilson,22,160059.5,37,Month-to-Month,63.31,2335.57,2,2023-07-14 00:00:00,Chicago,No,0,0,1,0,0,1,0,0,1,1,0,0,0,1.0,0.2983303895757657,0.19241612374898254
CUST-1198,Aarav Wilson,39,78875.0,41,Two Year,95.04,3887.01,5,2024-07-19 00:00:00,Unknown,Yes,2,1,0,0,0,0,1,0,1,0,1,0,0,0.37264940092806886,0.5098143766454495,0.32023163389388143
CUST-1884,Betty Patel,43,92992.0,48,One Year,30.85,1486.04,3,2020-12-31 00:00:00,Los Angeles,Yes,1,1,1,0,0,0,0,0,1,0,0,1,0,0.481738062028383,0.08198087113006966,0.12242752584419991
CUST-1280,Sneha Wilson,58,160059.5,49,One Year,168.585,12138.12,3,2023-03-25 00:00:00,Toronto,No,1,0,1,0,0,1,0,0,1,0,0,1,0,1.0,1.0,1.0
CUST-1294,Neha Nair,27,46727.0,37,One Year,40.25,313.67,5,2022-08-24 00:00:00,Bengaluru,Yes,1,1,0,0,0,1,0,0,0,0,1,0,0,0.1242267702662499,0.14463291898557004,0.025841728373092374
CUST-2411,Sandra Garcia,36,85904.0,63,Two Year,70.97,3147.84,5,2024-01-04 00:00:00,New York,No,2,0,1,0,0,0,0,1,0,0,0,1,0,0.42696577118195483,0.3493851434665245,0.2593350535338257
CUST-1401,Pooja Johnson,40,66937.0,16,One Year,41.33,668.0,2,2024-01-21 00:00:00,Phoenix,Yes,1,1,1,0,0,1,0,0,1,0,1,0,0,0.2803988918811361,0.15183123937747858,0.055033234141695746
CUST-1123,Matthew Davis,32,115919.0,57,Month-to-Month,37.24,2127.03,4,2021-06-10 00:00:00,Houston,No,0,0,0,1,0,1,0,0,0,0,0,1,0,0.658905713303222,0.12457093344886194,0.17523553894672322
CUST-2208,Aditya Hernandez,37,77498.0,19,Two Year,68.42,1301.09,1,2021-07-14 00:00:00,Sydney,No,2,0,0,0,0,0,1,0,0,0,1,0,0,0.3620086779461936,0.33238910920785153,0.10719040510392053
CUST-1203,William Smith,27,160059.5,17,Two Year,106.07,1796.66,4,2023-08-01 13:30:00,Unknown,No,2,0,1,0,0,1,0,0,1,0,0,0,0,1.0,0.5833305562035525,0.14801797972008846
CUST-1836,Patricia Singh,22,85574.0,56,Month-to-Month,41.02,2306.24,5,2021-12-12 00:00:00,Toronto,Yes,0,1,1,0,0,1,0,0,1,0,0,0,0,0.42441570685078644,0.1497650548205419,0.18999976932177304
CUST-1247,Neha Williams,25,63608.0,57,One Year,94.74,5409.73,2,2024-01-22 00:00:00,Toronto,No,1,0,1,0,0,1,0,0,1,0,1,0,0,0.25467415200701654,0.5078148432032525,0.44568104451101154
CUST-2455,Rohit Verma,43,113658.0,33,Month-to-Month,26.16,855.24,2,2024-04-16 00:00:00,Chicago,No,0,0,1,0,0,0,0,1,0,0,0,1,0,0.6414339089008836,0.05072149831705935,0.07045901671758065
CUST-2154,Lisa Miller,18,61172.0,45,Two Year,81.83,3691.53,2,2024-06-06 00:00:00,Delhi,No,2,0,0,0,0,0,0,1,0,0,0,1,0,0.23585004076239197,0.4217682540740494,0.3041269982501409
CUST-1385,Arjun Johnson,41,87396.0,2,Month-to-Month,75.45,142.29,1,2021-12-10 00:00:00,Toronto,No,0,0,1,0,0,0,0,0,1,0,0,1,0,0.43849515294590385,0.37924484286999705,0.011722573182667496
CUST-1855,Linda Kumar,48,63622.0,39,Two Year,33.76,1322.5,5,2021-08-22 00:00:00,London,No,2,0,0,0,0,0,1,0,0,0,1,0,0,0.2547823365543994,0.1013763455193788,0.10895426968921051
CUST-1220,Pooja Reddy,51,101683.0,18,One Year,76.88,1381.07,2,2023-07-02 03:00:00,Chennai,No,1,0,0,0,0,0,0,0,1,0,0,0,0,0.5488974835501532,0.3887759522778018,0.11377956388633494
CUST-1642,Margaret Jones,42,87396.0,30,Month-to-Month,61.17,1829.56,3,2024-05-10 00:00:00,Phoenix,Yes,0,1,0,0,0,0,1,0,0,0,1,0,0,0.43849515294590385,0.2840670510214284,0.150728448886648
CUST-1002,Sandra Patel,25,95460.0,9,Month-to-Month,104.25,935.85,1,2024-06-11 00:00:00,Delhi,No,0,0,1,0,0,0,1,0,1,0,1,0,0,0.5008094522384542,0.5712000533208919,0.07710007810105683
CUST-1113,Richard Miller,18,53372.0,42,One Year,85.38,3590.92,4,2021-07-01 15:00:00,Chicago,Yes,1,1,1,0,0,1,0,0,0,0,0,1,0,0.17557579293477632,0.44542939980671176,0.29583823524565583
CUST-1699,David Iyer,18,111254.0,37,Two Year,52.04,1925.48,3,2024-07-16 00:00:00,Hyderabad,No,2,0,1,0,0,0,0,1,0,0,1,0,0,0.6228570766217056,0.22321458326390506,0.15863082586100646
CUST-2478,Daniel Davis,67,60654.0,9,Two Year,55.5,504.35,3,2024-09-27 00:00:00,Unknown,No,2,0,1,0,0,0,0,1,0,0,0,1,0,0.23184721250922466,0.24627586896390843,0.04155091562779079
CUST-1952,James Martinez,41,60472.0,51,Month-to-Month,27.97,1429.54,3,2023-06-04 00:00:00,Los Angeles,No,0,0,0,0,0,0,1,0,0,0,1,0,0,0.23044081339324696,0.06278535008498017,0.1177727687648499
CUST-2400,Michael Sharma,60,99709.0,21,Month-to-Month,64.51,1351.0,3,2023-09-25 00:00:00,Los Angeles,No,0,0,1,0,0,0,0,0,1,0,1,0,0,0.5336434623691643,0.306328523344553,0.11130224449914813
CUST-1442,Elizabeth Hernandez,25,112916.0,26,Month-to-Month,47.59,1236.47,4,2023-10-19 00:00:00,Chennai,No,0,0,0,0,0,0,1,0,0,0,0,1,0,0.63570012788959,0.19355483720465227,0.10186668116644093
CUST-2137,John Garcia,18,72311.0,64,Month-to-Month,105.47,6750.08,2,2022-11-07 00:00:00,Singapore,No,0,0,0,0,0,0,0,0,0,0,0,1,0,0.32192630314082926,0.5793314893191589,0.5561058878969725
CUST-2257,Rohit Jones,66,76712.0,23,Month-to-Month,41.99,974.67,3,2020-02-26 00:00:00,Sydney,No,0,0,1,0,0,1,0,0,1,1,0,0,0,0.35593488835741083,0.15623021295031161,0.08029826694743501
CUST-1664,Patricia Iyer,29,127151.0,41,Two Year,43.43,1784.87,2,2020-04-17 00:00:00,Hyderabad,No,2,0,1,0,0,1,0,0,0,0,0,1,0,0.7457006301749886,0.16582797347285633,0.14704665961450372
CUST-2419,Thomas Jones,65,75003.0,45,Month-to-Month,168.585,12138.12,1,2023-01-18 00:00:00,Phoenix,No,0,0,1,0,0,1,0,0,1,0,0,0,1,0.34272864610902687,1.0,1.0
CUST-2258,Christopher Gonzalez,44,87396.0,69,Month-to-Month,79.56,5495.56,3,2022-11-21 00:00:00,Houston,No,0,0,0,1,0,0,0,0,1,0,0,0,0,0.43849515294590385,0.4066384510280935,0.4527521560175711
CUST-2375,Ananya Gonzalez,18,52315.0,29,Two Year,70.97,2058.13,4,2022-08-01 07:30:00,Sydney,No,2,0,0,0,0,0,1,0,0,0,0,0,0,0.16740785960736737,0.3493851434665245,0.1695592068623477
CUST-1318,Elizabeth Johnson,32,89093.0,35,Two Year,70.97,1747.68,2,2023-09-02 00:00:00,Unknown,No,2,0,0,0,0,1,0,0,0,0,1,0,0,0.4516086655822454,0.3493851434665245,0.14398275845023775
CUST-1649,Sneha Wilson,42,48554.0,27,Month-to-Month,76.43,2071.54,1,2024-06-09 00:00:00,Bengaluru,No,0,0,0,0,0,1,0,0,0,0,0,0,0,0.13834485369971833,0.3857766521145067,0.17066399079923414
CUST-1710,Linda Johnson,43,87396.0,32,One Year,26.65,848.24,2,2022-09-26 00:00:00,Unknown,No,1,0,1,0,0,0,0,0,1,0,0,0,0,0.43849515294590385,0.053987402939314144,0.06988232115022755
CUST-1973,Anthony Wilson,32,58884.0,12,Month-to-Month,70.97,599.47,3,2024-04-08 00:00:00,New York,No,0,0,0,0,0,1,0,0,0,0,0,1,0,0.21816959473295805,0.3493851434665245,0.049387384537308905
CUST-1628,Mary Gupta,62,106328.0,0,One Year,50.01,1196.67,3,2022-06-05 00:00:00,Toronto,No,1,0,0,0,0,0,0,0,0,0,0,1,0,0.5847915708782654,0.2096844069717066,0.09858775494063331
CUST-1633,Margaret Martinez,21,55861.0,37,Month-to-Month,102.95,199.22,3,2022-09-19 00:00:00,Chicago,Yes,0,1,0,0,0,0,1,1,0,0,0,0,0,0.19480945996592186,0.5625354084047056,0.0164127558468692
CUST-2249,Joseph Verma,31,74580.0,3,Month-to-Month,49.94,145.5,3,2024-09-30 16:30:00,Sydney,Yes,0,1,0,0,0,0,0,1,0,0,1,0,0,0.33945992728452923,0.20921784916852734,0.011987029292839417
CUST-2255,Anthony Brown,50,140385.0,38,Two Year,71.45,2721.74,1,2023-07-04 00:00:00,Unknown,No,2,0,1,0,0,1,0,0,1,0,0,0,1,0.8479659373225097,0.3525843969740394,0.22423077049823198
CUST-2372,Matthew Patel,38,71493.0,58,Two Year,71.86,4168.7,2,2023-04-13 00:00:00,Chennai,No,2,0,1,0,0,1,0,0,1,0,1,0,0,0.3156052345865998,0.3553170926783751,0.3434386873749806
CUST-2355,Barbara Kumar,18,87396.0,9,One Year,57.98,521.15,4,2022-01-18 00:00:00,Chicago,No,1,0,0,0,1,1,0,0,1,0,0,0,0,0.43849515294590385,0.2628053454194021,0.04293498498943823
CUST-2488,Nancy Smith,33,98986.0,37,Two Year,80.28,1920.9,3,2020-03-22 00:00:00,Singapore,No,2,0,1,0,0,0,1,0,1,0,0,1,0,0.5280565032436045,0.4114373312893658,0.15825350218979545
CUST-2430,Sarah Brown,56,151994.0,16,Month-to-Month,116.62,1865.92,3,2023-05-02 00:00:00,Mumbai,No,0,0,0,0,0,1,0,0,1,0,0,1,0,0.9376741095059443,0.6536474822541407,0.1537239704336421
CUST-1796,Mary Singh,38,87396.0,37,One Year,60.46,2233.03,1,2024-01-09 00:00:00,Toronto,No,1,0,0,1,0,0,0,0,0,0,0,0,0,0.43849515294590385,0.27933482187489583,0.18396835753807014
CUST-1646,Susan Anderson,29,70679.0,54,Two Year,59.01,3194.57,5,2024-10-02 00:00:00,Delhi,No,2,0,1,0,0,1,0,1,0,0,0,0,0,0.3093150759030512,0.2696704102376112,0.26318490837131286
CUST-2013,Michael Lopez,60,108181.0,42,Two Year,46.46,1945.14,4,2021-09-11 00:00:00,New York,Yes,2,1,0,0,0,1,0,0,0,0,0,0,0,0.5991105684711592,0.18602326123904422,0.16025051655445818
CUST-1557,Robert Davis,30,99458.0,61,One Year,66.23,4035.06,3,2020-02-19 00:00:00,Mumbai,No,1,0,0,0,0,1,0,0,1,0,1,0,0,0.5317038679839423,0.31779251507981476,0.33242874514339943
CUST-1682,Barbara Rodriguez,26,91298.0,54,Two Year,60.08,3240.82,4,2022-01-05 00:00:00,Houston,No,2,0,0,0,1,0,1,0,1,0,1,0,0,0.4686477317950521,0.2768020795147799,0.2669952183698958
CUST-1578,Patricia Smith,43,63944.0,1,Month-to-Month,107.35,108.35,5,2024-02-01 00:00:00,Bengaluru,No,0,0,1,0,0,1,0,0,0,0,1,0,0,0.25727058114420615,0.591861898890259,0.00892642353181547
CUST-2110,Lisa Hernandez,53,83353.0,49,Two Year,69.77,3410.33,4,2020-05-14 00:00:00,Delhi,Yes,2,1,0,0,1,0,1,0,0,0,0,1,0,0.4072530011552564,0.3413870096977372,0.2809603134587564
CUST-2267,Nancy Anderson,58,135110.0,43,Month-to-Month,33.86,1463.52,2,2024-10-22 00:00:00,Hyderabad,Yes,0,1,1,0,0,1,0,0,0,1,0,0,0,0.8072035453621671,0.10204285666677775,0.12057221381894395
CUST-2184,Mary Williams,33,72646.0,52,One Year,26.03,1349.16,1,2020-05-16 00:00:00,Bengaluru,No,1,0,0,1,0,0,0,0,0,0,0,1,0,0.3245150048103486,0.04985503382544074,0.11115065595001532
CUST-1525,Karen Williams,28,87822.0,42,Two Year,80.52,3381.8399999999997,5,2021-05-18 00:00:00,Chennai,No,2,0,0,1,0,0,0,0,0,0,0,0,0,0.4417870541734121,0.4130369580431233,0.2786131624996292
CUST-2060,Arjun Singh,40,77344.0,50,Month-to-Month,27.35,1367.5,2,2021-07-16 00:00:00,Sydney,No,0,0,1,0,0,1,0,0,0,0,0,0,0,0.36081864792498175,0.05865298097110675,0.11266159833648044
CUST-1541,Ananya Reddy,38,87396.0,65,Two Year,91.72,5963.18,5,2020-12-02 00:00:00,Berlin,No,2,0,0,0,0,0,1,0,0,0,0,1,0,0.43849515294590385,0.4876862065518046,0.49127706761837914
CUST-2195,Joseph Lopez,48,115570.0,66,Month-to-Month,93.29,6153.58,2,2022-09-16 00:00:00,Los Angeles,Yes,0,1,0,0,0,1,0,0,0,0,0,1,0,0.6562088270863197,0.498150431565968,0.5069631870503833
CUST-1749,Robert Singh,31,44565.0,25,One Year,53.68,1342.0,1,2020-11-12 00:00:00,Unknown,No,1,0,0,0,0,0,0,0,0,0,0,1,0,0.10751998516326207,0.2341453660812477,0.11056077876969414
CUST-2433,Charles Hernandez,29,99027.0,72,One Year,75.72,5451.84,3,2020-04-02 00:00:00,Bengaluru,No,1,0,1,0,0,0,0,0,1,1,0,0,0,0.528373329418083,0.38104442296797414,0.44915028027404574
CUST-1485,Rohit Brown,52,77985.0,3,One Year,40.98,125.5,1,2023-10-16 00:00:00,Singapore,Yes,1,1,1,0,0,0,0,1,0,0,0,0,0,0.3657719547015845,0.14949845036158227,0.010339327671830562
CUST-1096,Lisa Gonzalez,42,65640.0,13,Month-to-Month,77.62,1015.88,1,2023-02-12 00:00:00,Sydney,Yes,0,1,1,0,0,1,0,0,0,0,0,0,0,0.2703763663128774,0.39370813476855404,0.08369335613752377
CUST-2021,Christopher Johnson,43,70082.0,47,Month-to-Month,89.05,4185.12,2,2020-05-14 00:00:00,Unknown,No,0,0,0,0,0,0,0,0,0,1,0,0,0,0.3047017777039375,0.46989035891625286,0.34479145040582887
CUST-2265,Daniel Verma,39,87396.0,21,One Year,56.65,1186.99,1,2023-08-12 00:00:00,Mumbai,No,1,0,1,0,0,0,1,0,1,1,0,0,0,0.43849515294590385,0.2539407471589962,0.09779026735606502
CUST-1743,Matthew Martinez,30,87396.0,53,Month-to-Month,72.51,3850.81,3,2020-12-24 00:00:00,Hyderabad,Yes,0,1,1,0,0,0,1,0,0,0,0,0,0,0.43849515294590385,0.3596494151364682,0.31724929395985535
CUST-1864,Charles Kumar,37,87396.0,37,Month-to-Month,88.62,534.29,1,2023-11-23 00:00:00,Chicago,No,0,0,0,0,1,0,0,0,0,0,0,0,1,0.43849515294590385,0.4670243609824375,0.04401752495444104
CUST-1892,James Brown,60,101589.0,1,One Year,85.01,85.01,1,2020-03-27 00:00:00,Phoenix,Yes,1,1,1,0,0,0,0,0,1,0,0,1,0,0.5481711015891537,0.44296330856133576,0.007003555740098137
CUST-2039,Lisa Johnson,37,99046.0,47,Month-to-Month,87.37,4110.24,2,2024-07-26 00:00:00,Unknown,No,0,0,0,0,0,0,0,1,0,0,1,0,0,0.528520151303817,0.45869297163995076,0.3386224555367717
CUST-1207,Elizabeth Patel,31,150794.0,61,Two Year,70.97,3054.18,2,2022-03-27 00:00:00,Phoenix,Yes,2,1,0,0,0,0,0,1,0,0,0,1,0,0.9284011483016958,0.3493851434665245,0.2516188668426412
CUST-1393,Mary Iyer,24,158607.0,63,One Year,110.67,6972.94,2,2022-01-12 00:00:00,New York,No,1,0,0,0,0,1,0,1,0,1,0,0,0,0.9887758532090242,0.6139900689839038,0.5744662270598742
CUST-1795,James Lopez,18,110663.0,26,Month-to-Month,64.95,1689.88,1,2021-10-12 00:00:00,Berlin,No,0,0,0,0,0,0,0,0,0,0,0,0,1,0.6182901432286133,0.3092611723931083,0.13922090076552218
CUST-1871,Richard Anderson,36,105326.0,57,Two Year,168.585,12138.12,1,2020-06-22 00:00:00,Los Angeles,No,2,0,1,0,0,0,0,0,0,0,0,0,0,0.5770486482727177,1.0,1.0
CUST-1398,Priya Smith,47,100253.0,67,Two Year,70.97,3346.13,3,2024-01-05 00:00:00,New York,No,2,0,0,1,0,1,0,0,1,0,0,1,0,0.537847204781757,0.3493851434665245,0.27567119125531797
CUST-1767,Mary Rodriguez,52,55474.0,71,One Year,40.54,2886.75,2,2021-12-20 00:00:00,Delhi,No,1,0,0,1,0,0,0,1,0,0,0,0,1,0.1918189299775517,0.14656580131302696,0.23782513272236555
CUST-2423,Susan Davis,47,70443.0,41,One Year,41.07,1693.13,2,2022-05-15 00:00:00,Singapore,Yes,1,1,1,0,0,0,1,1,0,1,0,0,0,0.3074913935328823,0.15009831039424135,0.13948865227893611
CUST-2242,Priya Williams,28,69151.0,37,Month-to-Month,44.29,844.44,3,2020-06-07 00:00:00,London,No,0,0,0,0,1,1,0,0,0,1,0,0,0,0.2975075053029747,0.1715599693404872,0.06956925784223586
CUST-2029,Jessica Nair,48,101017.0,67,One Year,80.76,5404.85,1,2024-03-05 00:00:00,Unknown,No,1,0,0,0,0,0,0,0,0,0,1,0,0,0.5437509900817953,0.4146365847968808,0.4452790053154854
CUST-1643,Sarah Martinez,39,79365.0,54,Two Year,43.66,2360.11,3,2020-09-18 00:00:00,Singapore,No,2,0,0,0,0,1,0,1,0,0,0,1,0,0.37643586008647034,0.16736094911187388,0.1944378536379604
CUST-1961,Margaret Rodriguez,50,57566.0,18,Two Year,45.01,803.11,3,2020-06-01 00:00:00,Delhi,No,2,0,0,1,0,0,1,1,0,1,0,0,0,0.20798479234362502,0.17635884960175957,0.06616428244242106
CUST-1684,Robert Nair,39,99991.0,20,One Year,71.29,1434.09,5,2020-11-10 00:00:00,Houston,No,1,0,0,0,0,1,0,0,0,0,1,0,0,0.5358226082521628,0.35151797913820115,0.11814762088362941
CUST-1099,Susan Wilson,18,91136.0,65,Two Year,106.24,6896.75,4,2024-07-21 00:00:00,Houston,Yes,2,1,0,1,0,1,0,0,0,1,0,0,0,0.46739588203247856,0.5844636251541308,0.5681893077346409
CUST-1407,Mary Iyer,18,121434.0,57,Two Year,89.31,5083.93,4,2022-03-11 00:00:00,New York,No,2,0,1,0,0,0,1,0,0,1,0,0,0,0.7015226975044143,0.47162328789949015,0.4188399851047773
CUST-1503,William Singh,41,66538.0,43,One Year,70.97,2153.33,5,2024-02-27 00:00:00,Singapore,No,1,0,1,0,0,1,0,0,0,0,0,0,0,0.2773156322807234,0.3493851434665245,0.17740226657834984
CUST-2072,Richard Williams,41,98526.0,70,Two Year,111.28,7789.6,2,2022-01-28 00:00:00,Bengaluru,No,2,0,1,0,0,1,0,0,1,1,0,0,0,0.5245018681153093,0.6180557869830373,0.6417468273505287
CUST-2057,Mary Williams,41,83739.0,12,Month-to-Month,87.24,1025.25,1,2024-10-14 00:00:00,Unknown,Yes,0,1,1,0,0,0,0,0,1,0,1,0,0,0.41023580367595636,0.45782650714833206,0.0844653043469664
CUST-1930,Rohit Anderson,22,137974.0,10,One Year,115.76,1157.6000000000001,4,2024-10-21 00:00:00,Hyderabad,No,1,0,0,1,0,1,0,0,1,0,0,1,0,0.8293350127696403,0.6479154863865099,0.09536896982399251
CUST-1780,Mary Wilson,41,87396.0,34,Two Year,54.44,1847.48,3,2022-05-19 00:00:00,Houston,No,2,0,0,0,0,1,0,0,0,0,1,0,0,0.43849515294590385,0.23921085080147966,0.15220478953907193
CUST-1201,Sarah Anderson,32,38932.0,32,Two Year,49.39,1588.58,4,2022-11-23 00:00:00,Los Angeles,No,2,0,1,0,0,0,0,0,0,0,0,1,0,0.06399115977698529,0.2055520378578332,0.1308752920551123
CUST-2052,Joseph Sharma,41,78491.0,37,One Year,70.97,243.58,2,2024-06-03 00:00:00,Los Angeles,No,1,0,1,0,0,1,0,0,1,0,0,0,1,0.3696820533427093,0.3493851434665245,0.020067358042266843
CUST-1041,Elizabeth Lopez,58,76895.0,43,Two Year,54.77,2348.72,3,2020-09-25 00:00:00,Hyderabad,No,2,0,0,0,0,0,1,0,1,0,1,0,0,0.35734901494105875,0.24141033758789615,0.19349948756479585
CUST-1231,Michael Iyer,29,90602.0,8,Two Year,61.79,494.32,5,2023-04-28 00:00:00,New York,No,2,0,0,1,0,1,0,0,1,0,0,0,1,0.4632694142965879,0.28819942013530175,0.04072459326485485
CUST-1379,Daniel Lopez,44,73930.0,21,Two Year,53.44,1129.13,1,2023-06-20 00:00:00,Bengaluru,No,2,0,1,0,0,1,0,0,1,0,0,0,0,0.3344370732988946,0.23254573932749026,0.09302346656648641
CUST-1289,Richard Gupta,41,101279.0,16,One Year,72.88,1171.38,5,2023-07-10 00:00:00,Bengaluru,No,1,0,0,0,0,1,0,0,1,0,0,1,0,0.5457755866113895,0.36211550638184425,0.09650423624086761
CUST-1593,Vikram Nair,38,94257.0,58,Two Year,76.71,4458.49,2,2024-07-17 00:00:00,Houston,No,2,0,0,0,0,0,1,0,0,0,0,0,1,0.491513308631195,0.38764288332722363,0.3673130600125884
CUST-2163,James Verma,47,87396.0,56,Month-to-Month,85.02,4751.96,5,2021-03-21 00:00:00,Berlin,No,0,0,0,0,0,1,0,0,0,0,0,0,1,0.43849515294590385,0.44302995967607556,0.39149060974846184
CUST-2087,Anthony Brown,41,105111.0,48,Two Year,25.25,1220.98,4,2024-08-18 00:00:00,Sydney,No,2,0,0,0,0,1,0,1,0,0,1,0,0,0.5753872427236233,0.04465624687572899,0.10059053626096957
CUST-1648,Aarav Reddy,53,93094.0,43,One Year,38.99,1669.95,3,2022-11-11 00:00:00,London,No,1,0,0,0,0,0,0,0,0,0,0,1,0,0.48252626373074414,0.1362348785283434,0.13757896610018686
CUST-2153,Christopher Johnson,35,121934.0,54,Month-to-Month,34.93,1886.22,5,2024-11-12 00:00:00,Los Angeles,No,0,0,0,0,0,1,0,0,0,0,0,1,0,0.7053864313395178,0.1091745259439464,0.1553963875789661
CUST-2368,Jennifer Reddy,60,69339.0,2,Month-to-Month,114.3,228.6,1,2022-04-27 00:00:00,Houston,No,0,0,1,0,0,1,0,0,1,0,0,1,0,0.29896026922497365,0.6381844236344854,0.01883322952813121
CUST-1521,Christopher Davis,23,150095.0,50,Two Year,96.34,4822.29,1,2022-08-22 00:00:00,New York,No,2,0,0,0,0,1,0,0,0,0,0,1,0,0.922999648400221,0.5184790215616357,0.39728475249873946
CUST-1065,Joseph Kumar,49,129487.0,30,Month-to-Month,52.34,1569.97,5,2023-03-18 00:00:00,Hyderabad,No,0,0,0,1,0,0,0,0,1,0,0,1,0,0.7637519946525924,0.22521411670610195,0.12934210569676358
CUST-1015,Aarav Anderson,32,158889.0,37,Month-to-Month,168.585,12138.12,2,2023-07-25 00:00:00,Singapore,No,0,0,0,0,0,1,0,0,1,0,1,0,0,0.9909549990920226,1.0,1.0
CUST-2181,Christopher Kumar,65,48719.0,11,One Year,68.46,745.63,3,2021-07-04 00:00:00,Berlin,No,1,0,0,0,0,0,0,1,0,0,0,0,1,0.13961988586530252,0.33265571366681107,0.06142878798364161
CUST-2065,Aditya Gonzalez,41,50180.0,0,Two Year,33.8,28.83,2,2022-04-24 00:00:00,Mumbai,Yes,2,1,0,0,0,0,1,0,0,0,0,0,0,0.15090971613147514,0.10164294997833836,0.002375161886684264
CUST-1493,Betty Martinez,41,158606.0,15,Two Year,37.23,549.85,2,2023-12-27 00:00:00,Hyderabad,Yes,2,1,1,0,0,1,0,0,0,0,0,0,0,0.988768125741354,0.12450428233412202,0.04529943681558594
CUST-1380,Lisa Garcia,39,94140.0,72,One Year,27.58,1993.3,4,2020-12-27 00:00:00,Chennai,No,1,0,1,0,0,1,0,0,0,0,0,0,0,0.4906091949137808,0.06018595661012429,0.1642181820578475
CUST-1188,Aarav Singh,50,57366.0,37,Month-to-Month,60.56,717.69,5,2021-09-11 00:00:00,London,No,0,0,0,0,0,0,0,0,0,0,0,1,0,0.20643929880958362,0.28000133302229485,0.05912694881909225
CUST-1764,William Williams,43,58920.0,35,One Year,79.32,2776.2,5,2020-10-09 00:00:00,Phoenix,No,1,0,0,0,0,1,0,0,0,0,0,0,0,0.21844778356908548,0.40503882427433596,0.2287174620122391
CUST-1217,Anthony Lopez,28,108303.0,53,Two Year,54.77,2902.81,1,2022-06-13 00:00:00,New York,No,2,0,0,0,0,1,0,0,0,1,0,0,0,0.6000533195269244,0.24141033758789615,0.23914823712403566
CUST-1792,Aditya Anderson,63,93204.0,37,Two Year,168.585,6478.76,3,2021-11-30 19:30:00,Delhi,No,2,0,0,0,0,1,0,0,1,1,0,0,0,0.4833762851744669,1.0,0.5337531677063664
CUST-2077,Patricia Williams,67,124978.0,36,One Year,81.07,2922.09,3,2021-12-31 06:00:00,Sydney,No,1,0,0,0,0,0,1,0,1,0,1,0,0,0.7289088429276284,0.41670276935381745,0.2407366214866882
CUST-1879,Susan Davis,51,109549.0,5,Month-to-Month,58.63,296.36,3,2021-02-03 00:00:00,Mumbai,No,0,0,0,1,0,1,0,0,0,0,1,0,0,0.6096817442440026,0.26713766787749527,0.02441564262010921
CUST-1338,Neha Jones,53,87396.0,18,One Year,68.66,1235.8799999999999,5,2022-09-03 00:00:00,Chicago,No,1,0,0,0,1,0,0,0,0,0,0,1,0,0.43849515294590385,0.33398873596160894,0.10181807396862115
CUST-1720,Linda Gupta,18,76776.0,2,Month-to-Month,97.12,190.36,5,2024-10-31 03:00:00,Berlin,No,0,0,0,0,0,0,0,0,1,0,0,1,0,0.3564294462883041,0.5236778085113474,0.01568282402876228
CUST-1296,Barbara Lopez,55,133752.0,2,One Year,74.8,151.64,4,2023-06-27 00:00:00,Sydney,Yes,1,1,1,0,0,1,0,0,0,0,0,1,0,0.7967096442660258,0.37491252041190387,0.012492873690489134
CUST-2017,Patricia Rodriguez,21,94959.0,19,Two Year,70.97,942.42,3,2021-03-08 00:00:00,Mumbai,Yes,2,1,0,1,0,0,0,0,1,0,1,0,0,0.4969379909356804,0.3493851434665245,0.07764134808355824
CUST-2276,Jessica Iyer,35,71161.0,48,Two Year,113.8,5467.26,3,2021-03-01 00:00:00,Los Angeles,No,2,0,0,0,1,1,0,0,0,0,0,1,0,0.313039715320091,0.6348518678974906,0.45042065822384353
CUST-1456,Nancy Brown,42,87396.0,46,Two Year,116.82,5377.07,2,2021-10-03 00:00:00,Houston,No,2,0,0,1,0,0,1,0,0,0,0,0,0,0.43849515294590385,0.6549805045489385,0.44299034776390406
CUST-1816,Priya Jones,57,70539.0,29,Month-to-Month,103.21,2999.01,3,2022-12-22 00:00:00,New York,No,0,0,0,0,0,1,0,0,1,1,0,0,0,0.3082332304292222,0.5642683373879428,0.24707368192108828
CUST-1270,Richard Reddy,18,87396.0,19,Two Year,71.13,1361.07,3,2022-05-12 00:00:00,Berlin,Yes,2,1,1,0,0,1,0,0,0,0,1,0,0,0.43849515294590385,0.35045156130236277,0.11213186226532608
CUST-1996,Neha Iyer,57,86666.0,27,One Year,168.585,12138.12,3,2022-11-06 00:00:00,Mumbai,No,1,0,0,0,0,0,0,0,0,1,0,0,0,0.43285410154665266,1.0,1.0
CUST-1202,Betty Rodriguez,49,95205.0,53,Two Year,59.9,3179.05,3,2023-10-24 00:00:00,Delhi,No,2,0,0,0,0,0,1,0,0,1,0,0,0,0.49883894798255135,0.27560235944946176,0.26190629191340997
CUST-1162,Barbara Singh,55,44455.0,69,Two Year,110.7,7637.41,5,2022-06-13 00:00:00,Mumbai,No,2,0,0,0,0,0,0,0,0,0,0,1,0,0.10666996371953928,0.6141900223281235,0.6292086418654618
CUST-1730,Matthew Nair,53,92539.0,37,One Year,32.34,1196.5800000000002,5,2022-02-05 00:00:00,Unknown,No,1,0,0,0,0,1,0,1,0,0,0,0,1,0.47823751917377916,0.09191188722631388,0.09858034028333877
CUST-1402,Patricia Nair,66,87396.0,12,Month-to-Month,25.1,307.99,3,2024-12-07 00:00:00,Toronto,No,0,0,0,0,0,0,0,0,1,0,0,0,0,0.43849515294590385,0.04365648015463059,0.025373781112725858
CUST-1703,Robert Rodriguez,57,73912.0,27,Two Year,46.36,1251.72,3,2022-10-01 04:30:00,Toronto,Yes,2,1,1,0,0,1,0,0,1,0,1,0,0,0.33429797888083085,0.1853567500916453,0.10312305365246018
CUST-2130,Mark Singh,41,113416.0,37,Two Year,43.68,745.49,3,2023-02-13 00:00:00,Mumbai,No,2,0,1,0,0,0,0,0,1,0,0,0,0,0.6395638617246935,0.16749425134135368,0.06141725407229455
CUST-1566,Mark Singh,38,55485.0,41,One Year,76.9,3152.9,3,2020-08-09 00:00:00,Unknown,Yes,1,1,0,0,0,0,1,0,0,0,0,1,0,0.191903932121924,0.3889092545072817,0.2597519220439409
CUST-2414,Mark Garcia,55,160059.5,46,Two Year,50.6,2322.31,3,2023-09-11 00:00:00,Toronto,No,2,0,0,0,0,0,0,0,0,0,0,1,0,1.0,0.21361682274136035,0.19132369757425366
CUST-2022,Rohit Jones,53,66598.0,60,One Year,83.99,5041.06,3,2022-06-24 00:00:00,Los Angeles,No,1,0,1,0,0,0,1,1,0,0,0,1,0,0.27777928034093585,0.43616489485786647,0.4153081366801449
CUST-2026,Ananya Singh,45,66503.0,41,One Year,118.23,4852.06,3,2020-01-01 00:00:00,Unknown,No,1,0,0,1,0,1,0,0,0,1,0,0,0,0.2770451709122662,0.6643783117272637,0.3997373563616112
CUST-2412,Ananya Davis,24,89235.0,68,Two Year,46.44,3155.9,1,2023-12-24 00:00:00,Chicago,No,2,0,1,0,0,0,1,0,0,0,0,0,0,0.45270596599141477,0.18588995900956443,0.2599990772870922
CUST-2105,Christopher Anderson,41,89813.0,1,Two Year,92.58,91.86,5,2023-10-15 00:00:00,Bengaluru,No,2,0,0,0,0,0,0,0,0,0,0,0,0,0.4571724423047945,0.49341820241943546,0.00756789354529367
CUST-1206,Betty Gupta,21,58206.0,44,Two Year,32.72,1439.6799999999998,4,2022-05-20 00:00:00,Hyderabad,Yes,2,1,0,0,0,0,1,0,1,0,1,0,0,0.2129303716525576,0.09444462958642982,0.11860815348670138
CUST-1035,Linda Wilson,20,63805.0,28,Two Year,74.27,2079.56,5,2024-11-21 00:00:00,London,Yes,2,1,0,0,0,1,0,0,0,0,1,0,0,0.25619646313804734,0.3713800113306895,0.17132471914925868
CUST-1776,Christopher Martinez,35,60291.0,50,Two Year,56.93,2840.12,4,2023-07-19 00:00:00,Chennai,No,2,0,0,0,0,0,1,0,0,0,0,0,1,0.22904214174493948,0.25580697837171323,0.2339835163929834
CUST-1509,Arjun Wilson,58,147755.0,35,Month-to-Month,70.97,1742.04,4,2022-09-18 00:00:00,Chennai,Yes,0,1,0,0,0,0,1,0,0,0,1,0,0,0.9049173740519363,0.3493851434665245,0.14351810659311326
CUST-2452,Jennifer Sharma,41,117934.0,37,One Year,87.56,1573.44,3,2021-11-30 19:30:00,Los Angeles,No,1,0,1,0,0,1,0,0,1,1,0,0,0,0.6744765606586893,0.4599593428200087,0.12962798192800862
CUST-2479,James Johnson,33,51146.0,19,Two Year,70.97,943.46,1,2023-06-01 16:30:00,Houston,No,2,0,1,0,0,0,1,1,0,0,0,0,0,0.15837444990089522,0.3493851434665245,0.0777270285678507
CUST-2391,Lisa Reddy,29,99425.0,54,Two Year,116.96,6325.64,2,2022-10-16 00:00:00,Unknown,No,2,0,0,0,0,0,0,0,1,0,1,0,0,0.5314488615508255,0.6559136201552971,0.5211383640959226
CUST-1092,Nancy Singh,18,87396.0,19,Two Year,112.93,2137.69,4,2022-03-23 00:00:00,Berlin,No,2,0,0,1,0,1,0,0,0,1,0,0,0,0.43849515294590385,0.6290532209151198,0.17611376391072092
CUST-2364,Vikram Singh,33,160059.5,37,Month-to-Month,106.52,952.46,4,2021-11-30 19:30:00,Unknown,No,0,0,1,0,0,0,0,0,0,0,0,1,0,1.0,0.5863298563668478,0.07846849429730468
CUST-1898,Daniel Anderson,41,87396.0,20,Month-to-Month,91.33,1821.06,4,2023-09-18 00:00:00,Sydney,No,0,0,0,0,0,1,0,0,0,0,1,0,0,0.43849515294590385,0.48508681307694873,0.15002817569771923
CUST-2370,Mary Miller,41,81277.0,31,Month-to-Month,70.97,1540.49,4,2022-06-01 10:30:00,Phoenix,Yes,0,1,1,0,0,0,0,0,0,0,0,0,0,0.3912107782719064,0.3493851434665245,0.12691339350739653
CUST-1777,Jennifer Reddy,34,133513.0,30,Two Year,33.42,1002.6,2,2021-05-22 00:00:00,Houston,Yes,2,1,0,0,0,1,0,0,0,0,1,0,0,0.7948627794928463,0.09911020761822242,0.08259928226117388
CUST-1242,John Kumar,52,38682.0,23,Month-to-Month,57.06,1316.35,5,2022-11-03 00:00:00,Houston,No,0,0,0,1,0,0,0,0,1,1,0,0,0,0.0620592928594335,0.25667344286333194,0.10844760144075029
CUST-1014,Robert Anderson,32,118380.0,1,Two Year,114.54,105.54,5,2024-06-25 00:00:00,Toronto,No,2,0,1,0,0,0,1,0,1,0,0,0,0,0.6779230112396017,0.6397840503882428,0.008694921454063727
CUST-1316,William Wilson,27,160059.5,56,Two Year,70.97,2805.05,2,2020-02-02 00:00:00,New York,No,2,0,1,0,0,0,0,1,0,0,1,0,0,1.0,0.3493851434665245,0.2310942716005444
CUST-1601,Linda Lopez,75,156853.0,34,Two Year,35.58,1217.61,3,2022-03-02 03:00:00,Chennai,No,2,0,0,1,0,0,0,0,0,1,0,0,0,0.9752218749154808,0.1135068484020395,0.10031289853782957
CUST-1388,Christopher Kumar,41,50596.0,56,One Year,88.59,4953.01,5,2024-01-02 00:00:00,Toronto,Yes,1,1,0,1,0,0,1,0,1,1,0,0,0,0.1541243426822813,0.4668244076382178,0.4080541302936534
CUST-2298,Richard Williams,30,111168.0,12,One Year,100.39,1214.18,2,2023-12-31 18:00:00,Singapore,No,1,0,0,0,0,1,0,0,1,0,1,0,0,0.6221925144020679,0.5454727230312927,0.10003031770982657
CUST-1167,Ananya Rodriguez,41,46011.0,70,Two Year,19.58,1378.72,1,2024-12-10 00:00:00,New York,No,2,0,1,0,0,1,0,1,0,0,0,0,0,0.11869390341438159,0.006865064818209069,0.1135859589458664
CUST-1021,Priya Brown,36,111637.0,15,Two Year,23.87,359.31,5,2021-09-13 00:00:00,Singapore,No,2,0,0,0,0,0,1,0,0,0,0,1,0,0.625816696739395,0.035458393041623626,0.029601783472234577
CUST-1647,Karen Hernandez,40,36021.0,53,Two Year,41.35,2186.89,4,2021-01-27 00:00:00,Berlin,Yes,2,1,0,0,0,0,0,0,0,0,0,0,1,0.041496501389012314,0.15196454160695838,0.1801671098984027
CUST-2155,Rohit Rodriguez,34,96330.0,67,Month-to-Month,116.08,7771.11,3,2022-06-24 00:00:00,Mumbai,No,0,0,1,0,0,0,0,1,0,0,0,1,0,0.5075323491115344,0.6500483220581864,0.640223527201906
CUST-1832,Jessica Iyer,50,77655.0,39,One Year,105.42,4103.59,1,2021-09-30 22:30:00,Phoenix,No,1,0,0,0,0,0,0,0,1,0,0,1,0,0.3632218903704162,0.5789982337454594,0.3380745947477863
CUST-2268,Margaret Reddy,34,148993.0,68,Month-to-Month,116.18,7904.85,1,2020-04-14 00:00:00,Mumbai,No,0,0,0,0,0,0,0,0,0,0,0,0,0,0.9144839790276528,0.6507148332055854,0.6512417079415923
CUST-1563,Thomas Rodriguez,33,97913.0,72,Month-to-Month,60.62,4364.18,1,2018-12-31 12:00:00,Delhi,Yes,0,1,0,0,0,0,1,0,1,0,0,0,1,0.5197649304334723,0.2804012397107341,0.35954332301872116
CUST-1687,Ananya Miller,41,77588.0,12,Two Year,68.69,817.21,5,2020-07-05 00:00:00,Chicago,No,2,0,1,0,0,1,0,0,0,1,0,0,0,0.3627041500365123,0.3341886893058287,0.06732591208523231
CUST-1958,Susan Singh,33,57389.0,20,Two Year,99.55,1995.71,3,2023-12-03 00:00:00,Sydney,No,2,0,1,0,0,0,0,0,1,0,0,0,0,0.20661703056599837,0.5398740293931417,0.16441673010317906
CUST-1976,Thomas Anderson,18,73113.0,42,One Year,75.29,3162.71,5,2024-12-11 00:00:00,Mumbai,No,1,0,0,0,0,1,0,0,1,0,0,1,0,0.3281237322123354,0.37817842503415877,0.26056011968904574
CUST-1700,Robert Rodriguez,58,120415.0,26,Month-to-Month,64.41,1676.45,2,2023-08-21 00:00:00,Houston,No,0,0,0,0,0,1,0,0,1,0,1,0,0,0.6936484079484733,0.305662012197154,0.13811446912701472
CUST-2500,Elizabeth Martinez,43,160059.5,21,Two Year,111.44,2344.78,4,2022-09-25 00:00:00,Berlin,No,2,0,1,0,0,1,0,0,1,0,0,0,0,1.0,0.6191222048188756,0.19317489034545712
CUST-1511,Thomas Hernandez,41,95310.0,39,Month-to-Month,83.69,3267.85,4,2020-09-05 00:00:00,Chennai,No,0,0,0,0,0,0,0,0,1,0,1,0,0,0.49965033208792314,0.4341653614156697,0.2692220871106893
CUST-2083,Susan Anderson,34,102031.0,11,One Year,54.41,598.51,5,2022-06-27 00:00:00,Phoenix,No,1,0,1,0,0,0,0,0,0,1,0,0,0,0.5515866422993853,0.23901089745725998,0.04930829485950048
CUST-1475,Matthew Verma,23,87396.0,7,Month-to-Month,76.89,536.45,3,2023-08-15 00:00:00,New York,Yes,0,1,1,0,0,0,0,0,0,1,0,0,0,0.43849515294590385,0.3888426033925418,0.044195476729510005
CUST-1857,Christopher Lopez,43,77096.0,13,One Year,33.63,439.28,1,2020-01-22 00:00:00,Singapore,No,1,0,1,0,0,1,0,0,0,0,0,1,0,0.3589022359427704,0.1005098810277602,0.036190118403838484
CUST-1748,Richard Anderson,41,73990.0,69,Two Year,99.54,6860.38,5,2019-04-01 19:30:00,Berlin,No,2,0,0,1,0,0,0,0,0,0,0,1,0,0.33490072135910703,0.5398073782784018,0.5651929623368364
CUST-1253,John Brown,59,47358.0,44,One Year,100.39,4420.46,3,2023-12-27 00:00:00,Chennai,No,1,0,1,0,0,1,0,1,0,0,0,1,0,0.1291028023661506,0.5454727230312927,0.36417995538024006
CUST-1022,Michael Miller,33,96286.0,37,Two Year,89.37,1331.97,2,2021-11-30 19:30:00,Singapore,Yes,2,1,1,0,0,1,0,0,1,0,0,1,0,0.5071923405340453,0.4720231945879295,0.1097344564067582
CUST-2338,Anthony Davis,31,61355.0,20,Month-to-Month,53.01,1069.88,4,2022-12-12 00:00:00,Bengaluru,No,0,0,0,0,0,0,1,1,0,0,1,0,0,0.23726416734603986,0.22967974139367478,0.08814215051424767
CUST-1460,David Kumar,50,68225.0,48,Two Year,53.92,2580.46,2,2024-11-19 00:00:00,Hyderabad,Yes,2,1,1,0,0,0,0,0,1,0,0,0,1,0.2903518702403629,0.2357449928350052,0.21259140624742545
CUST-2185,Joseph Johnson,58,95664.0,52,Two Year,28.3,1473.87,3,2023-05-14 00:00:00,Berlin,No,2,0,0,1,0,0,1,0,1,0,0,0,0,0.5023858556431765,0.06498483687139668,0.12142489940781602
CUST-1277,John Brown,39,90135.0,19,Month-to-Month,107.14,2027.91,5,2022-02-12 00:00:00,Berlin,Yes,0,1,0,1,0,1,0,1,0,0,1,0,0,0.4596606868946012,0.5904622254807212,0.16706952971300332
CUST-1956,Mary Gonzalez,47,73366.0,37,One Year,37.92,373.67,3,2022-10-16 00:00:00,London,No,1,0,1,0,0,1,0,0,0,0,0,0,1,0.33007878153289777,0.12910320925117474,0.030784833236118938
CUST-2216,Mary Sharma,41,62934.0,59,Two Year,26.86,1574.85,5,2024-03-28 00:00:00,Berlin,No,2,0,0,1,0,0,1,0,1,0,0,1,0,0.24946583879729692,0.05538707634885193,0.12974414489228972
CUST-1386,John Patel,39,41087.0,67,Month-to-Month,79.97,5357.08,3,2021-06-05 00:00:00,Houston,Yes,0,1,1,0,0,0,1,0,0,0,0,1,0,0.08064385260628165,0.40937114673242914,0.4413434699937057
CUST-1806,Nancy Gupta,55,61590.0,62,Month-to-Month,83.53,5181.63,4,2024-03-05 00:00:00,Phoenix,Yes,0,1,1,0,0,0,1,0,0,0,1,0,0,0.23908012224853853,0.4330989435798314,0.4268890075234056
CUST-2438,James Gupta,26,141890.0,40,Month-to-Month,55.24,2216.07,1,2023-11-08 00:00:00,Unknown,No,0,0,0,0,0,0,1,0,0,0,0,0,1,0.8595957761661714,0.24454293998067117,0.18257110656345463
CUST-1344,Aditya Gonzalez,45,72764.0,43,Month-to-Month,65.3,2798.33,2,2022-12-12 00:00:00,Bengaluru,No,0,0,1,0,0,0,0,0,0,0,1,0,0,0.3254268459954331,0.3115939614090046,0.2305406438558854
CUST-1770,Anthony Brown,45,93526.0,28,One Year,70.97,1408.96,4,2023-06-07 00:00:00,Los Angeles,No,1,0,1,0,0,1,0,0,0,0,0,0,0,0.4858645297642736,0.3493851434665245,0.1160772837968318
CUST-2333,Anthony Miller,65,61615.0,70,Month-to-Month,23.81,1672.18,2,2024-11-08 00:00:00,London,No,0,0,1,0,0,1,0,0,0,0,0,0,0,0.23927330894029372,0.035058486353184246,0.13776268483092932
CUST-1131,Vikram Johnson,37,124516.0,66,Month-to-Month,70.97,3299.57,1,2024-08-11 00:00:00,Unknown,Yes,0,1,1,0,0,0,0,1,0,0,0,0,0,0.7253387528639927,0.3493851434665245,0.27183534188160935
CUST-1872,Patricia Smith,18,160059.5,67,One Year,68.21,4562.19,1,2022-12-13 00:00:00,Singapore,No,1,0,0,0,0,1,0,0,0,0,0,0,1,1.0,0.3309894357983137,0.3758563929175193
CUST-2124,Sandra Patel,38,63829.0,37,Month-to-Month,32.82,614.68,4,2020-04-11 00:00:00,Toronto,Yes,0,1,0,1,0,0,1,0,1,0,1,0,0,0.2563819223621323,0.09511114073382877,0.05064046162008613
CUST-2397,Karen Verma,32,83025.0,53,Two Year,75.0,3983.34,2,2020-02-14 00:00:00,Mumbai,No,2,0,0,0,0,1,0,0,0,0,1,0,0,0.4047183917594285,0.3762455427067018,0.32816778875147057
CUST-1088,Karen Singh,41,120008.0,7,One Year,70.97,349.04,1,2021-03-07 00:00:00,London,No,1,0,0,0,0,1,0,0,1,1,0,0,0,0.6905033286066989,0.3493851434665245,0.028755688689846532
CUST-2483,Michael Kumar,41,49512.0,19,Two Year,52.56,994.87,2,2022-11-20 00:00:00,London,No,2,0,1,0,0,0,1,0,0,0,0,0,0,0.14574776772777676,0.22668044123037961,0.08196244558465396
CUST-1331,Nancy Iyer,56,82931.0,70,One Year,20.62,1442.82,5,2021-03-27 00:00:00,Houston,No,1,0,1,0,0,1,0,0,0,0,0,0,0,0.40399200979842903,0.013796780751158066,0.11886684264119977
CUST-2239,Jessica Nair,43,86958.0,33,Two Year,108.07,3557.52,3,2021-08-21 00:00:00,Singapore,Yes,2,1,0,0,0,1,0,0,0,0,0,0,0,0.43511052210635315,0.5966607791515313,0.29308657353857104
CUST-1467,Anthony Smith,25,148121.0,37,Month-to-Month,76.15,2817.55,1,2024-03-25 00:00:00,Singapore,No,0,0,1,0,0,1,0,0,1,0,0,0,0,0.9077456272192321,0.3839104209017897,0.23212408511367494
CUST-1122,Barbara Reddy,39,94205.0,30,Month-to-Month,109.5,3284.39,5,2022-09-12 00:00:00,Bengaluru,No,0,0,0,1,0,0,1,1,0,0,1,0,0,0.49111148031234425,0.6061918885593361,0.2705847363512636
CUST-2045,Sarah Lopez,59,37156.0,60,Month-to-Month,97.47,5848.2,2,2021-11-11 00:00:00,Berlin,No,0,0,0,0,0,0,1,0,0,0,1,0,0,0.050267177194697414,0.5260105975272437,0.4818044309991992
CUST-2131,Jessica Jones,33,79569.0,13,Two Year,35.32,450.61,1,2021-07-17 00:00:00,Chennai,No,2,0,0,0,0,1,0,0,1,0,1,0,0,0.3780122634911926,0.11177391941880228,0.03712354137214
CUST-2295,Karen Patel,39,73543.0,35,Month-to-Month,24.74,865.49,1,2020-04-15 00:00:00,Chicago,No,0,0,1,0,0,0,0,0,0,0,1,0,0,0.3314465433105244,0.041257040023994385,0.07130346379834768
CUST-1861,David Garcia,23,130259.0,55,Two Year,107.1,5890.5,5,2024-11-01 00:00:00,Singapore,No,2,0,1,0,0,0,0,0,1,0,0,1,0,0.7697175996939922,0.5901956210217616,0.4852893199276329
CUST-2460,Linda Reddy,42,65911.0,23,Two Year,26.23,611.41,4,2023-06-28 00:00:00,Berlin,Yes,2,1,0,0,0,1,0,0,0,0,0,1,0,0.2724705100515036,0.05118805612023861,0.05037106240505119
CUST-2127,Daniel Johnson,43,116325.0,12,Two Year,70.97,598.64,2,2022-03-21 00:00:00,Singapore,Yes,2,1,0,1,0,1,0,0,1,0,0,0,0,0.662043065177326,0.3493851434665245,0.04931900492003704
